id_hmm,id_usuario,id_pelicula,id_serie,id_episodio,fecha
0,141,,7.0,85.0,05-06-2020
1,21,,7.0,85.0,07-03-2020
2,47,,7.0,85.0,10-16-2020
3,18,,7.0,85.0,10-20-2020
4,41,,7.0,85.0,04-15-2021
5,4,,7.0,85.0,05-21-2021
6,15,,7.0,85.0,06-17-2021
7,106,,7.0,85.0,06-19-2021
8,18,,7.0,85.0,06-27-2021
9,59,,7.0,85.0,07-11-2021
10,40,,7.0,85.0,07-20-2021
11,108,,7.0,85.0,07-20-2021
12,60,,7.0,85.0,08-11-2021
13,97,,7.0,85.0,08-16-2021
14,23,,7.0,85.0,08-21-2021
15,76,,7.0,85.0,09-18-2021
16,64,,7.0,85.0,10-09-2021
17,36,,7.0,85.0,10-12-2021
18,119,,7.0,85.0,10-12-2021
19,16,,7.0,85.0,10-26-2021
20,8,,7.0,85.0,11-03-2021
21,92,,7.0,85.0,12-13-2021
22,35,,7.0,85.0,12-15-2021
23,75,,7.0,85.0,12-15-2021
24,141,,3.0,34.0,05-21-2020
25,38,,3.0,34.0,09-17-2020
26,13,,3.0,34.0,02-11-2021
27,90,,3.0,34.0,09-13-2021
28,45,72.0,,,05-30-2020
29,22,72.0,,,06-26-2020
30,51,72.0,,,12-08-2020
31,51,72.0,,,01-03-2021
32,46,72.0,,,01-26-2021
33,106,72.0,,,02-02-2021
34,106,72.0,,,03-14-2021
35,72,72.0,,,04-16-2021
36,105,72.0,,,06-21-2021
37,119,72.0,,,06-29-2021
38,130,72.0,,,07-29-2021
39,130,72.0,,,09-11-2021
40,27,72.0,,,09-13-2021
41,65,72.0,,,09-26-2021
42,97,72.0,,,10-27-2021
43,72,72.0,,,12-02-2021
44,119,72.0,,,12-05-2021
45,93,72.0,,,12-08-2021
46,1,72.0,,,12-12-2021
47,28,72.0,,,12-14-2021
48,1,72.0,,,12-15-2021
49,87,72.0,,,12-17-2021
50,19,72.0,,,12-17-2021
51,80,72.0,,,12-25-2021
52,9,,24.0,137.0,05-31-2020
53,141,,24.0,137.0,08-17-2020
54,21,,24.0,137.0,11-11-2020
55,43,,24.0,137.0,01-10-2021
56,34,,24.0,137.0,02-06-2021
57,37,,24.0,137.0,02-15-2021
58,95,,24.0,137.0,04-06-2021
59,28,,24.0,137.0,06-26-2021
60,108,,24.0,137.0,08-27-2021
61,82,,24.0,137.0,08-30-2021
62,70,,24.0,137.0,09-09-2021
63,16,,24.0,137.0,10-21-2021
64,70,,24.0,137.0,10-23-2021
65,146,,24.0,137.0,11-04-2021
66,90,,24.0,137.0,11-14-2021
67,134,,24.0,137.0,11-23-2021
68,54,,24.0,137.0,11-30-2021
69,132,,24.0,137.0,12-03-2021
70,69,,24.0,137.0,12-13-2021
71,45,68.0,,,05-31-2020
72,51,68.0,,,12-09-2020
73,68,68.0,,,06-11-2021
74,59,68.0,,,08-16-2021
75,36,68.0,,,12-20-2021
76,58,43.0,,,06-03-2020
77,54,43.0,,,03-09-2021
78,67,43.0,,,06-14-2021
79,24,43.0,,,06-25-2021
80,50,43.0,,,10-06-2021
81,49,,12.0,99.0,06-08-2020
82,17,,12.0,99.0,08-22-2020
83,92,,12.0,99.0,11-05-2020
84,33,,12.0,99.0,01-25-2021
85,115,,12.0,99.0,03-02-2021
86,51,,12.0,99.0,03-17-2021
87,54,,12.0,99.0,05-01-2021
88,15,,12.0,99.0,05-30-2021
89,3,,12.0,99.0,06-02-2021
90,146,,12.0,99.0,06-08-2021
91,52,,12.0,99.0,06-17-2021
92,60,,12.0,99.0,08-01-2021
93,44,,12.0,99.0,08-13-2021
94,87,,12.0,99.0,10-12-2021
95,105,,12.0,99.0,10-21-2021
96,56,,12.0,99.0,10-22-2021
97,119,,12.0,99.0,11-28-2021
98,66,,12.0,99.0,12-14-2021
99,106,,12.0,99.0,12-15-2021
100,17,95.0,,,06-11-2020
101,47,95.0,,,09-28-2020
102,36,95.0,,,10-09-2020
103,52,95.0,,,10-22-2020
104,11,95.0,,,12-08-2020
105,105,95.0,,,12-22-2020
106,35,95.0,,,03-07-2021
107,54,95.0,,,05-19-2021
108,46,95.0,,,07-08-2021
109,142,95.0,,,09-12-2021
110,40,95.0,,,09-27-2021
111,48,95.0,,,10-06-2021
112,17,95.0,,,10-09-2021
113,68,95.0,,,12-08-2021
114,24,95.0,,,12-29-2021
115,19,,11.0,98.0,06-12-2020
116,17,,11.0,98.0,10-15-2020
117,37,,11.0,98.0,01-04-2021
118,15,,11.0,98.0,01-11-2021
119,18,,11.0,98.0,04-10-2021
120,72,,11.0,98.0,05-26-2021
121,69,,11.0,98.0,07-01-2021
122,48,,11.0,98.0,07-04-2021
123,44,,11.0,98.0,09-09-2021
124,7,,11.0,98.0,09-26-2021
125,22,,11.0,98.0,10-05-2021
126,50,,11.0,98.0,10-06-2021
127,59,,11.0,98.0,12-12-2021
128,21,,14.0,107.0,06-16-2020
129,26,,14.0,107.0,08-23-2020
130,82,,14.0,107.0,10-16-2020
131,18,,14.0,107.0,01-21-2021
132,119,,14.0,107.0,02-04-2021
133,33,,14.0,107.0,03-01-2021
134,77,,14.0,107.0,03-08-2021
135,8,,14.0,107.0,05-26-2021
136,44,,14.0,107.0,06-08-2021
137,23,,14.0,107.0,06-22-2021
138,30,,14.0,107.0,07-01-2021
139,68,,14.0,107.0,07-01-2021
140,17,,14.0,107.0,07-10-2021
141,142,,14.0,107.0,09-14-2021
142,58,,14.0,107.0,09-15-2021
143,2,,14.0,107.0,09-28-2021
144,67,,14.0,107.0,11-13-2021
145,97,,14.0,107.0,11-17-2021
146,22,,14.0,107.0,11-21-2021
147,44,,14.0,107.0,11-28-2021
148,87,,14.0,107.0,11-29-2021
149,119,,14.0,107.0,12-07-2021
150,10,,14.0,107.0,12-12-2021
151,92,,14.0,107.0,12-13-2021
152,106,,14.0,107.0,12-14-2021
153,66,,14.0,107.0,12-22-2021
154,106,,14.0,107.0,12-22-2021
155,59,,14.0,107.0,12-29-2021
156,72,1.0,,,06-18-2020
157,60,1.0,,,11-10-2020
158,23,1.0,,,02-28-2021
159,63,1.0,,,05-03-2021
160,105,1.0,,,05-08-2021
161,65,1.0,,,07-29-2021
162,80,1.0,,,09-29-2021
163,119,1.0,,,10-01-2021
164,93,1.0,,,11-13-2021
165,93,1.0,,,11-14-2021
166,19,1.0,,,12-09-2021
167,1,1.0,,,12-13-2021
168,49,,16.0,112.0,06-18-2020
169,87,,16.0,112.0,10-16-2020
170,41,,16.0,112.0,12-21-2020
171,115,,16.0,112.0,01-22-2021
172,141,,16.0,112.0,01-25-2021
173,115,,16.0,112.0,02-18-2021
174,26,,16.0,112.0,03-01-2021
175,13,,16.0,112.0,05-07-2021
176,106,,16.0,112.0,06-13-2021
177,24,,16.0,112.0,07-17-2021
178,51,,16.0,112.0,08-12-2021
179,44,,16.0,112.0,08-18-2021
180,23,,16.0,112.0,09-07-2021
181,90,,16.0,112.0,09-15-2021
182,130,,16.0,112.0,10-21-2021
183,15,,16.0,112.0,11-05-2021
184,36,,15.0,110.0,06-20-2020
185,57,,15.0,110.0,07-15-2020
186,63,,15.0,110.0,12-04-2020
187,61,,15.0,110.0,12-21-2020
188,23,,15.0,110.0,03-03-2021
189,37,,15.0,110.0,03-26-2021
190,90,,15.0,110.0,04-28-2021
191,76,,15.0,110.0,07-23-2021
192,23,,15.0,110.0,08-16-2021
193,35,,15.0,110.0,08-27-2021
194,73,,15.0,110.0,10-07-2021
195,133,,15.0,110.0,10-11-2021
196,49,,15.0,110.0,10-11-2021
197,44,,15.0,110.0,11-10-2021
198,46,,15.0,110.0,11-27-2021
199,14,,15.0,110.0,12-01-2021
200,24,,15.0,110.0,12-11-2021
201,75,,15.0,110.0,12-12-2021
202,66,,15.0,110.0,12-23-2021
203,123,,13.0,104.0,06-22-2020
204,19,,13.0,104.0,09-30-2020
205,72,,13.0,104.0,11-11-2020
206,36,,13.0,104.0,02-20-2021
207,46,,13.0,104.0,03-03-2021
208,31,,13.0,104.0,04-01-2021
209,106,,13.0,104.0,07-04-2021
210,54,,13.0,104.0,07-08-2021
211,65,,13.0,104.0,07-15-2021
212,26,,13.0,104.0,07-18-2021
213,14,,13.0,104.0,07-27-2021
214,50,,13.0,104.0,07-27-2021
215,73,,13.0,104.0,08-09-2021
216,3,,13.0,104.0,08-09-2021
217,7,,13.0,104.0,08-27-2021
218,142,,13.0,104.0,09-07-2021
219,108,,13.0,104.0,09-11-2021
220,43,,13.0,104.0,09-23-2021
221,97,,13.0,104.0,10-21-2021
222,68,,13.0,104.0,10-23-2021
223,36,,13.0,104.0,11-01-2021
224,44,,13.0,104.0,11-03-2021
225,119,,13.0,104.0,11-13-2021
226,40,,13.0,104.0,12-06-2021
227,75,,13.0,104.0,12-13-2021
228,106,,13.0,104.0,12-21-2021
229,9,,24.0,135.0,06-24-2020
230,21,,24.0,135.0,08-24-2020
231,141,,24.0,135.0,10-02-2020
232,37,,24.0,135.0,11-10-2020
233,34,,24.0,135.0,01-08-2021
234,70,,24.0,135.0,02-25-2021
235,90,,24.0,135.0,07-20-2021
236,16,,24.0,135.0,08-08-2021
237,71,,24.0,135.0,08-16-2021
238,108,,24.0,135.0,08-31-2021
239,82,,24.0,135.0,08-31-2021
240,39,,24.0,135.0,09-15-2021
241,70,,24.0,135.0,10-27-2021
242,134,,24.0,135.0,11-05-2021
243,43,,24.0,135.0,11-24-2021
244,8,,24.0,135.0,12-06-2021
245,54,,24.0,135.0,12-19-2021
246,69,,24.0,135.0,12-24-2021
247,132,,24.0,135.0,12-28-2021
248,19,32.0,,,06-25-2020
249,35,32.0,,,05-03-2021
250,1,32.0,,,10-23-2021
251,18,32.0,,,12-08-2021
252,50,32.0,,,12-18-2021
253,57,,9.0,91.0,06-25-2020
254,141,,9.0,91.0,11-25-2020
255,48,,9.0,91.0,12-01-2020
256,59,,9.0,91.0,01-04-2021
257,146,,9.0,91.0,02-08-2021
258,122,,9.0,91.0,03-21-2021
259,24,,9.0,91.0,06-19-2021
260,4,,9.0,91.0,07-04-2021
261,57,,9.0,91.0,07-20-2021
262,76,,9.0,91.0,09-05-2021
263,39,,9.0,91.0,09-24-2021
264,27,,9.0,91.0,10-05-2021
265,26,,9.0,91.0,11-06-2021
266,12,,9.0,91.0,11-28-2021
267,105,,9.0,91.0,12-10-2021
268,61,,9.0,91.0,07-23-2020
269,28,,9.0,91.0,02-13-2021
270,115,,9.0,91.0,06-15-2020
271,8,,9.0,91.0,02-16-2021
272,92,,30.0,153.0,06-29-2020
273,70,,30.0,153.0,09-16-2020
274,45,,30.0,153.0,09-22-2020
275,26,,30.0,153.0,02-16-2021
276,119,,30.0,153.0,03-14-2021
277,25,,30.0,153.0,04-02-2021
278,67,,30.0,153.0,04-03-2021
279,34,,30.0,153.0,08-08-2021
280,134,,30.0,153.0,08-24-2021
281,44,,30.0,153.0,10-08-2021
282,134,,30.0,153.0,10-17-2021
283,30,,30.0,153.0,10-20-2021
284,8,,30.0,153.0,11-06-2021
285,25,,30.0,153.0,11-20-2021
286,64,,30.0,153.0,12-02-2021
287,93,,30.0,153.0,12-05-2021
288,7,,30.0,153.0,12-19-2021
289,115,37.0,,,06-30-2020
290,115,37.0,,,09-12-2020
291,45,37.0,,,09-25-2020
292,15,37.0,,,10-01-2020
293,92,37.0,,,02-06-2021
294,15,37.0,,,05-07-2021
295,90,37.0,,,06-19-2021
296,41,37.0,,,08-10-2021
297,67,37.0,,,09-07-2021
298,31,37.0,,,12-24-2021
299,20,86.0,,,07-01-2020
300,48,86.0,,,03-25-2021
301,41,86.0,,,05-03-2021
302,9,86.0,,,08-14-2021
303,25,86.0,,,10-03-2021
304,22,86.0,,,11-16-2021
305,10,86.0,,,11-21-2021
306,102,86.0,,,12-17-2021
307,71,86.0,,,12-19-2021
308,19,70.0,,,07-01-2020
309,19,70.0,,,10-04-2020
310,35,70.0,,,06-15-2021
311,93,70.0,,,08-08-2021
312,40,70.0,,,10-09-2021
313,142,70.0,,,10-26-2021
314,43,70.0,,,11-26-2021
315,1,70.0,,,12-16-2021
316,57,,15.0,108.0,07-02-2020
317,36,,15.0,108.0,09-26-2020
318,90,,15.0,108.0,11-13-2020
319,37,,15.0,108.0,04-12-2021
320,24,,15.0,108.0,04-24-2021
321,63,,15.0,108.0,05-17-2021
322,70,,15.0,108.0,05-31-2021
323,23,,15.0,108.0,07-08-2021
324,35,,15.0,108.0,07-15-2021
325,66,,15.0,108.0,07-21-2021
326,76,,15.0,108.0,08-04-2021
327,73,,15.0,108.0,09-14-2021
328,23,,15.0,108.0,09-19-2021
329,61,,15.0,108.0,11-02-2021
330,14,,15.0,108.0,12-03-2021
331,75,,15.0,108.0,12-14-2021
332,146,5.0,,,07-03-2020
333,141,5.0,,,07-08-2020
334,72,5.0,,,08-28-2020
335,72,5.0,,,12-23-2020
336,24,5.0,,,12-27-2020
337,36,5.0,,,12-27-2020
338,48,5.0,,,01-02-2021
339,46,5.0,,,01-24-2021
340,11,5.0,,,02-07-2021
341,2,5.0,,,03-24-2021
342,17,5.0,,,03-26-2021
343,61,5.0,,,04-05-2021
344,13,5.0,,,05-05-2021
345,105,5.0,,,05-17-2021
346,80,5.0,,,06-01-2021
347,19,5.0,,,06-08-2021
348,93,5.0,,,06-29-2021
349,40,5.0,,,07-02-2021
350,65,5.0,,,07-14-2021
351,80,5.0,,,07-24-2021
352,62,5.0,,,08-10-2021
353,52,5.0,,,08-22-2021
354,35,5.0,,,08-22-2021
355,115,5.0,,,09-07-2021
356,12,5.0,,,09-10-2021
357,65,5.0,,,09-14-2021
358,17,5.0,,,09-25-2021
359,146,5.0,,,10-09-2021
360,119,5.0,,,10-11-2021
361,20,5.0,,,10-26-2021
362,7,5.0,,,11-06-2021
363,52,5.0,,,11-08-2021
364,32,5.0,,,11-16-2021
365,20,5.0,,,11-23-2021
366,53,5.0,,,11-25-2021
367,132,5.0,,,12-03-2021
368,5,5.0,,,12-04-2021
369,93,5.0,,,12-07-2021
370,46,5.0,,,12-11-2021
371,122,5.0,,,12-16-2021
372,19,5.0,,,12-20-2021
373,7,5.0,,,12-21-2021
374,41,,3.0,49.0,07-04-2020
375,39,,3.0,49.0,04-13-2021
376,132,,3.0,49.0,08-01-2021
377,90,,3.0,49.0,09-29-2021
378,115,62.0,,,07-04-2020
379,6,62.0,,,09-25-2020
380,123,62.0,,,09-30-2020
381,65,62.0,,,06-03-2021
382,133,62.0,,,08-22-2021
383,63,62.0,,,09-21-2021
384,21,62.0,,,10-16-2021
385,7,62.0,,,11-05-2021
386,5,62.0,,,11-19-2021
387,53,62.0,,,11-25-2021
388,72,62.0,,,11-29-2021
389,6,62.0,,,12-10-2021
390,122,62.0,,,12-25-2021
391,57,,9.0,90.0,07-04-2020
392,146,,9.0,90.0,08-17-2020
393,75,,9.0,90.0,08-28-2020
394,31,,9.0,90.0,10-30-2020
395,59,,9.0,90.0,11-07-2020
396,141,,9.0,90.0,12-03-2020
397,24,,9.0,90.0,12-06-2020
398,26,,9.0,90.0,12-31-2020
399,142,,9.0,90.0,01-30-2021
400,57,,9.0,90.0,04-22-2021
401,34,,9.0,90.0,05-01-2021
402,4,,9.0,90.0,07-13-2021
403,26,,9.0,90.0,07-31-2021
404,122,,9.0,90.0,08-20-2021
405,76,,9.0,90.0,08-22-2021
406,97,,9.0,90.0,08-23-2021
407,1,,9.0,90.0,08-27-2021
408,12,,9.0,90.0,09-06-2021
409,11,,9.0,90.0,09-21-2021
410,39,,9.0,90.0,11-11-2021
411,115,,9.0,90.0,06-15-2020
412,45,,9.0,90.0,05-05-2020
413,61,,9.0,90.0,07-23-2020
414,28,,9.0,90.0,02-13-2021
415,119,,9.0,90.0,08-18-2020
416,8,,9.0,90.0,02-16-2021
417,2,,21.0,128.0,07-05-2020
418,23,,21.0,128.0,09-16-2020
419,14,,21.0,128.0,09-26-2020
420,12,,21.0,128.0,11-30-2020
421,18,,21.0,128.0,12-07-2020
422,25,,21.0,128.0,04-22-2021
423,115,,21.0,128.0,05-19-2021
424,40,,21.0,128.0,06-07-2021
425,4,,21.0,128.0,08-14-2021
426,66,,21.0,128.0,09-02-2021
427,52,,21.0,128.0,09-13-2021
428,61,,21.0,128.0,09-22-2021
429,122,,21.0,128.0,10-30-2021
430,8,,21.0,128.0,11-06-2021
431,39,,21.0,128.0,11-22-2021
432,92,,30.0,155.0,07-05-2020
433,119,,30.0,155.0,12-15-2020
434,25,,30.0,155.0,01-07-2021
435,26,,30.0,155.0,02-26-2021
436,44,,30.0,155.0,05-24-2021
437,23,,30.0,155.0,06-11-2021
438,130,,30.0,155.0,06-30-2021
439,30,,30.0,155.0,07-15-2021
440,34,,30.0,155.0,08-03-2021
441,93,,30.0,155.0,11-05-2021
442,8,,30.0,155.0,11-06-2021
443,134,,30.0,155.0,11-16-2021
444,64,,30.0,155.0,11-25-2021
445,67,,30.0,155.0,12-12-2021
446,70,,30.0,155.0,12-17-2021
447,7,,30.0,155.0,12-24-2021
448,17,48.0,,,07-06-2020
449,4,48.0,,,08-08-2020
450,45,48.0,,,08-29-2020
451,19,48.0,,,09-02-2020
452,47,48.0,,,10-30-2020
453,13,48.0,,,11-29-2020
454,41,48.0,,,12-13-2020
455,24,48.0,,,12-18-2020
456,47,48.0,,,01-08-2021
457,90,48.0,,,01-09-2021
458,75,48.0,,,02-13-2021
459,35,48.0,,,03-26-2021
460,12,48.0,,,04-05-2021
461,68,48.0,,,04-14-2021
462,130,48.0,,,04-23-2021
463,76,48.0,,,05-13-2021
464,21,48.0,,,06-10-2021
465,57,48.0,,,06-16-2021
466,18,48.0,,,07-18-2021
467,141,48.0,,,07-23-2021
468,37,48.0,,,07-26-2021
469,25,48.0,,,07-28-2021
470,73,48.0,,,08-18-2021
471,40,48.0,,,08-19-2021
472,20,48.0,,,08-29-2021
473,95,48.0,,,08-31-2021
474,64,48.0,,,09-09-2021
475,134,48.0,,,09-20-2021
476,20,48.0,,,09-29-2021
477,5,48.0,,,11-24-2021
478,67,48.0,,,11-24-2021
479,31,48.0,,,12-02-2021
480,92,48.0,,,12-10-2021
481,67,48.0,,,12-14-2021
482,133,48.0,,,12-16-2021
483,106,48.0,,,12-18-2021
484,105,48.0,,,12-23-2021
485,115,99.0,,,07-11-2020
486,45,99.0,,,07-24-2020
487,142,99.0,,,11-22-2020
488,141,99.0,,,03-04-2021
489,97,99.0,,,05-01-2021
490,72,99.0,,,07-12-2021
491,92,99.0,,,08-05-2021
492,82,99.0,,,08-30-2021
493,37,99.0,,,10-04-2021
494,50,99.0,,,10-16-2021
495,42,99.0,,,08-17-2020
496,48,99.0,,,11-01-2020
497,28,99.0,,,05-05-2020
498,39,99.0,,,11-03-2020
499,57,99.0,,,06-14-2020
500,40,99.0,,,06-07-2021
501,31,99.0,,,03-09-2021
502,33,99.0,,,05-28-2021
503,9,99.0,,,10-30-2021
504,146,,9.0,92.0,07-13-2020
505,57,,9.0,92.0,07-30-2020
506,75,,9.0,92.0,09-08-2020
507,59,,9.0,92.0,09-16-2020
508,31,,9.0,92.0,10-09-2020
509,34,,9.0,92.0,03-17-2021
510,48,,9.0,92.0,04-15-2021
511,142,,9.0,92.0,06-04-2021
512,26,,9.0,92.0,06-06-2021
513,21,,9.0,92.0,06-19-2021
514,97,,9.0,92.0,06-22-2021
515,57,,9.0,92.0,06-29-2021
516,4,,9.0,92.0,07-07-2021
517,29,,9.0,92.0,07-15-2021
518,12,,9.0,92.0,08-06-2021
519,76,,9.0,92.0,08-12-2021
520,141,,9.0,92.0,10-12-2021
521,122,,9.0,92.0,12-06-2021
522,16,,9.0,92.0,12-07-2021
523,39,,9.0,92.0,12-17-2021
524,45,,9.0,92.0,05-05-2020
525,51,,9.0,92.0,08-07-2020
526,115,,9.0,92.0,06-15-2020
527,61,,9.0,92.0,07-23-2020
528,28,,9.0,92.0,02-13-2021
529,8,,9.0,92.0,02-16-2021
530,19,8.0,,,07-14-2020
531,19,8.0,,,09-30-2020
532,41,8.0,,,01-09-2021
533,133,8.0,,,07-20-2021
534,68,8.0,,,08-28-2021
535,43,8.0,,,10-20-2021
536,5,8.0,,,11-20-2021
537,50,8.0,,,12-12-2021
538,19,,25.0,138.0,07-18-2020
539,1,,25.0,138.0,10-05-2020
540,142,,25.0,138.0,01-28-2021
541,115,,25.0,138.0,03-19-2021
542,66,,25.0,138.0,07-26-2021
543,7,,25.0,138.0,08-26-2021
544,122,,25.0,138.0,09-09-2021
545,73,,25.0,138.0,10-06-2021
546,45,,25.0,138.0,10-21-2021
547,40,,25.0,138.0,11-04-2021
548,52,,25.0,138.0,11-08-2021
549,32,,25.0,138.0,11-11-2021
550,40,,25.0,138.0,11-17-2021
551,74,,25.0,138.0,11-26-2021
552,8,,25.0,138.0,12-14-2021
553,15,,25.0,138.0,08-01-2020
554,82,,25.0,138.0,09-15-2020
555,90,,25.0,138.0,10-12-2020
556,49,,25.0,138.0,08-16-2021
557,22,,25.0,138.0,09-21-2020
558,115,,6.0,78.0,07-18-2020
559,146,,6.0,78.0,07-21-2020
560,18,,6.0,78.0,11-29-2020
561,65,,6.0,78.0,02-18-2021
562,119,,6.0,78.0,03-10-2021
563,58,,6.0,78.0,08-10-2021
564,6,,6.0,78.0,09-10-2021
565,21,,6.0,78.0,09-29-2021
566,92,,30.0,154.0,07-21-2020
567,45,,30.0,154.0,10-29-2020
568,51,,30.0,154.0,11-02-2020
569,26,,30.0,154.0,01-31-2021
570,64,,30.0,154.0,07-11-2021
571,30,,30.0,154.0,07-25-2021
572,34,,30.0,154.0,08-13-2021
573,70,,30.0,154.0,09-10-2021
574,44,,30.0,154.0,09-30-2021
575,134,,30.0,154.0,10-17-2021
576,25,,30.0,154.0,10-27-2021
577,8,,30.0,154.0,11-03-2021
578,93,,30.0,154.0,11-11-2021
579,134,,30.0,154.0,11-15-2021
580,23,,30.0,154.0,12-17-2021
581,7,,30.0,154.0,12-18-2021
582,21,,6.0,79.0,07-23-2020
583,54,,6.0,79.0,03-30-2021
584,133,,6.0,79.0,08-13-2021
585,119,,6.0,79.0,09-28-2021
586,71,,6.0,79.0,10-25-2021
587,33,,12.0,101.0,07-23-2020
588,133,,12.0,101.0,10-21-2020
589,17,,12.0,101.0,11-14-2020
590,92,,12.0,101.0,11-19-2020
591,87,,12.0,101.0,11-20-2020
592,52,,12.0,101.0,01-24-2021
593,54,,12.0,101.0,03-22-2021
594,15,,12.0,101.0,03-22-2021
595,115,,12.0,101.0,05-20-2021
596,49,,12.0,101.0,05-22-2021
597,51,,12.0,101.0,07-30-2021
598,60,,12.0,101.0,08-09-2021
599,3,,12.0,101.0,09-18-2021
600,44,,12.0,101.0,10-19-2021
601,56,,12.0,101.0,10-22-2021
602,105,,12.0,101.0,11-13-2021
603,119,,12.0,101.0,12-02-2021
604,106,,12.0,101.0,12-29-2021
605,115,,3.0,31.0,07-24-2020
606,16,,3.0,31.0,11-17-2020
607,67,,3.0,31.0,09-29-2021
608,44,,2.0,18.0,07-24-2020
609,119,,2.0,18.0,07-07-2021
610,54,,2.0,18.0,11-16-2021
611,14,,2.0,18.0,12-15-2021
612,46,,23.0,134.0,07-27-2020
613,75,,23.0,134.0,09-08-2020
614,105,,23.0,134.0,11-24-2020
615,55,,23.0,134.0,02-25-2021
616,64,,23.0,134.0,04-14-2021
617,10,,23.0,134.0,04-21-2021
618,71,,23.0,134.0,04-28-2021
619,40,,23.0,134.0,05-04-2021
620,13,,23.0,134.0,05-11-2021
621,14,,23.0,134.0,05-17-2021
622,30,,23.0,134.0,06-12-2021
623,119,,23.0,134.0,07-18-2021
624,77,,23.0,134.0,08-06-2021
625,59,,23.0,134.0,08-17-2021
626,74,,23.0,134.0,08-20-2021
627,54,,23.0,134.0,09-10-2021
628,23,,23.0,134.0,09-19-2021
629,3,,23.0,134.0,09-20-2021
630,97,,23.0,134.0,11-01-2021
631,58,,23.0,134.0,11-17-2021
632,22,,23.0,134.0,12-08-2021
633,46,,23.0,134.0,12-13-2021
634,119,,23.0,134.0,12-16-2021
635,22,,23.0,134.0,12-17-2021
636,56,,23.0,134.0,12-21-2021
637,106,,23.0,134.0,12-28-2021
638,60,96.0,,,07-27-2020
639,115,96.0,,,08-23-2020
640,46,96.0,,,02-11-2021
641,72,96.0,,,02-12-2021
642,2,96.0,,,04-14-2021
643,80,96.0,,,06-02-2021
644,65,96.0,,,08-05-2021
645,142,96.0,,,09-08-2021
646,93,96.0,,,09-09-2021
647,19,96.0,,,12-11-2021
648,60,20.0,,,07-28-2020
649,59,20.0,,,01-30-2021
650,48,20.0,,,03-08-2021
651,46,20.0,,,03-11-2021
652,133,20.0,,,03-20-2021
653,72,20.0,,,04-06-2021
654,4,20.0,,,06-06-2021
655,21,20.0,,,06-13-2021
656,11,20.0,,,06-19-2021
657,80,20.0,,,07-14-2021
658,35,20.0,,,08-02-2021
659,65,20.0,,,08-16-2021
660,43,20.0,,,08-25-2021
661,80,20.0,,,09-28-2021
662,48,20.0,,,10-04-2021
663,9,20.0,,,10-31-2021
664,9,20.0,,,11-02-2021
665,63,20.0,,,12-07-2021
666,40,20.0,,,12-08-2021
667,19,20.0,,,12-28-2021
668,46,,23.0,132.0,07-29-2020
669,45,,23.0,132.0,08-02-2020
670,105,,23.0,132.0,10-06-2020
671,75,,23.0,132.0,12-25-2020
672,54,,23.0,132.0,03-28-2021
673,64,,23.0,132.0,04-08-2021
674,61,,23.0,132.0,04-28-2021
675,71,,23.0,132.0,05-01-2021
676,30,,23.0,132.0,06-09-2021
677,74,,23.0,132.0,06-16-2021
678,10,,23.0,132.0,06-27-2021
679,59,,23.0,132.0,07-19-2021
680,58,,23.0,132.0,07-25-2021
681,40,,23.0,132.0,08-11-2021
682,13,,23.0,132.0,09-02-2021
683,37,,23.0,132.0,09-11-2021
684,3,,23.0,132.0,09-21-2021
685,97,,23.0,132.0,10-16-2021
686,119,,23.0,132.0,11-15-2021
687,77,,23.0,132.0,11-25-2021
688,22,,23.0,132.0,12-01-2021
689,28,,23.0,132.0,12-03-2021
690,119,,23.0,132.0,12-12-2021
691,46,,23.0,132.0,12-29-2021
692,19,,13.0,102.0,07-30-2020
693,36,,13.0,102.0,08-24-2020
694,50,,13.0,102.0,08-25-2020
695,16,,13.0,102.0,11-13-2020
696,54,,13.0,102.0,03-22-2021
697,142,,13.0,102.0,04-09-2021
698,65,,13.0,102.0,06-06-2021
699,73,,13.0,102.0,06-22-2021
700,3,,13.0,102.0,07-15-2021
701,106,,13.0,102.0,07-23-2021
702,54,,13.0,102.0,08-02-2021
703,26,,13.0,102.0,08-02-2021
704,119,,13.0,102.0,08-02-2021
705,4,,13.0,102.0,08-08-2021
706,119,,13.0,102.0,08-24-2021
707,14,,13.0,102.0,09-02-2021
708,108,,13.0,102.0,09-17-2021
709,46,,13.0,102.0,09-19-2021
710,40,,13.0,102.0,09-22-2021
711,44,,13.0,102.0,09-24-2021
712,68,,13.0,102.0,10-01-2021
713,43,,13.0,102.0,10-03-2021
714,97,,13.0,102.0,10-04-2021
715,36,,13.0,102.0,12-01-2021
716,123,,13.0,102.0,12-11-2021
717,75,,13.0,102.0,12-14-2021
718,72,,13.0,102.0,12-24-2021
719,31,,13.0,102.0,12-25-2021
720,106,,13.0,102.0,12-27-2021
721,17,,17.0,114.0,08-03-2020
722,92,,17.0,114.0,12-07-2020
723,56,,17.0,114.0,04-13-2021
724,61,,17.0,114.0,04-21-2021
725,54,,17.0,114.0,06-02-2021
726,92,,17.0,114.0,07-05-2021
727,28,,17.0,114.0,08-12-2021
728,14,,17.0,114.0,08-18-2021
729,123,,17.0,114.0,08-23-2021
730,41,,17.0,114.0,08-30-2021
731,36,,17.0,114.0,10-05-2021
732,25,,17.0,114.0,10-08-2021
733,68,,17.0,114.0,10-12-2021
734,43,,17.0,114.0,11-06-2021
735,32,,17.0,114.0,12-05-2021
736,73,,17.0,114.0,12-06-2021
737,63,,17.0,114.0,12-21-2021
738,106,,17.0,114.0,12-27-2021
739,16,,4.0,58.0,08-04-2020
740,142,,4.0,58.0,01-01-2021
741,62,,4.0,58.0,01-25-2021
742,48,,4.0,58.0,04-05-2021
743,106,,4.0,58.0,06-19-2021
744,21,,4.0,58.0,06-29-2021
745,68,,4.0,58.0,09-02-2021
746,4,81.0,,,08-09-2020
747,73,81.0,,,03-09-2021
748,17,81.0,,,05-02-2021
749,62,81.0,,,06-02-2021
750,17,81.0,,,07-03-2021
751,142,81.0,,,08-30-2021
752,134,81.0,,,09-30-2021
753,67,81.0,,,10-04-2021
754,20,81.0,,,10-12-2021
755,20,81.0,,,10-24-2021
756,16,81.0,,,11-02-2021
757,62,81.0,,,12-11-2021
758,105,81.0,,,12-19-2021
759,119,,14.0,106.0,08-10-2020
760,2,,14.0,106.0,09-20-2020
761,17,,14.0,106.0,01-22-2021
762,26,,14.0,106.0,02-19-2021
763,62,,14.0,106.0,03-30-2021
764,16,,14.0,106.0,04-28-2021
765,87,,14.0,106.0,06-11-2021
766,10,,14.0,106.0,06-24-2021
767,82,,14.0,106.0,07-16-2021
768,142,,14.0,106.0,09-06-2021
769,30,,14.0,106.0,10-12-2021
770,97,,14.0,106.0,10-13-2021
771,44,,14.0,106.0,10-19-2021
772,8,,14.0,106.0,10-21-2021
773,44,,14.0,106.0,10-22-2021
774,58,,14.0,106.0,10-31-2021
775,59,,14.0,106.0,11-05-2021
776,66,,14.0,106.0,11-10-2021
777,33,,14.0,106.0,12-01-2021
778,68,,14.0,106.0,12-02-2021
779,18,,14.0,106.0,12-03-2021
780,22,,14.0,106.0,12-04-2021
781,92,,14.0,106.0,12-13-2021
782,77,,14.0,106.0,12-14-2021
783,106,,14.0,106.0,12-14-2021
784,26,,14.0,106.0,12-17-2021
785,119,,14.0,106.0,12-21-2021
786,106,,14.0,106.0,12-25-2021
787,23,,14.0,106.0,12-28-2021
788,26,,3.0,40.0,08-10-2020
789,13,,3.0,40.0,06-03-2021
790,16,,3.0,43.0,08-11-2020
791,3,,3.0,43.0,08-12-2021
792,36,,18.0,117.0,08-11-2020
793,46,,18.0,117.0,09-08-2020
794,141,,18.0,117.0,12-23-2020
795,141,,18.0,117.0,02-10-2021
796,62,,18.0,117.0,02-27-2021
797,106,,18.0,117.0,06-21-2021
798,30,,18.0,117.0,06-22-2021
799,130,,18.0,117.0,06-28-2021
800,82,,18.0,117.0,09-03-2021
801,50,,18.0,117.0,10-14-2021
802,52,,18.0,117.0,10-24-2021
803,134,,18.0,117.0,10-25-2021
804,77,,18.0,117.0,11-05-2021
805,12,,18.0,117.0,11-23-2021
806,19,82.0,,,08-14-2020
807,72,82.0,,,10-19-2020
808,46,82.0,,,11-20-2020
809,46,82.0,,,12-14-2020
810,60,82.0,,,12-14-2020
811,4,82.0,,,12-15-2020
812,47,82.0,,,01-14-2021
813,105,82.0,,,02-11-2021
814,47,82.0,,,05-02-2021
815,35,82.0,,,06-08-2021
816,71,82.0,,,06-29-2021
817,56,82.0,,,07-17-2021
818,40,82.0,,,07-22-2021
819,65,82.0,,,07-23-2021
820,72,82.0,,,08-15-2021
821,80,82.0,,,10-16-2021
822,71,82.0,,,10-22-2021
823,33,82.0,,,11-19-2021
824,35,82.0,,,12-24-2021
825,36,60.0,,,08-15-2020
826,56,60.0,,,09-26-2020
827,60,60.0,,,10-30-2020
828,141,60.0,,,02-25-2021
829,62,60.0,,,08-15-2021
830,58,60.0,,,10-02-2021
831,97,60.0,,,10-08-2021
832,15,60.0,,,11-29-2021
833,97,60.0,,,12-17-2021
834,130,60.0,,,12-18-2021
835,142,,29.0,152.0,08-17-2020
836,11,,29.0,152.0,11-06-2020
837,18,,29.0,152.0,11-28-2020
838,87,,29.0,152.0,12-04-2020
839,24,,29.0,152.0,12-06-2020
840,72,,29.0,152.0,12-19-2020
841,18,,29.0,152.0,02-16-2021
842,21,,29.0,152.0,02-22-2021
843,19,,29.0,152.0,06-14-2021
844,48,,29.0,152.0,08-15-2021
845,43,,29.0,152.0,10-01-2021
846,68,,29.0,152.0,11-19-2021
847,36,,29.0,152.0,11-19-2021
848,106,,29.0,152.0,12-20-2021
849,142,,29.0,150.0,08-19-2020
850,87,,29.0,150.0,10-17-2020
851,21,,29.0,150.0,10-23-2020
852,11,,29.0,150.0,12-04-2020
853,19,,29.0,150.0,03-21-2021
854,18,,29.0,150.0,05-18-2021
855,106,,29.0,150.0,06-16-2021
856,68,,29.0,150.0,07-03-2021
857,72,,29.0,150.0,11-07-2021
858,24,,29.0,150.0,11-07-2021
859,43,,29.0,150.0,11-15-2021
860,36,,29.0,150.0,11-17-2021
861,22,,29.0,150.0,12-05-2021
862,106,,29.0,150.0,12-18-2021
863,14,,29.0,150.0,12-19-2021
864,48,,29.0,150.0,12-23-2021
865,18,,29.0,150.0,12-30-2021
866,63,,17.0,116.0,08-19-2020
867,92,,17.0,116.0,12-26-2020
868,57,,17.0,116.0,01-30-2021
869,25,,17.0,116.0,03-22-2021
870,17,,17.0,116.0,04-15-2021
871,28,,17.0,116.0,04-30-2021
872,14,,17.0,116.0,08-06-2021
873,14,,17.0,116.0,08-16-2021
874,76,,17.0,116.0,08-30-2021
875,41,,17.0,116.0,09-23-2021
876,32,,17.0,116.0,09-30-2021
877,43,,17.0,116.0,10-30-2021
878,36,,17.0,116.0,11-01-2021
879,8,,17.0,116.0,11-05-2021
880,22,,17.0,116.0,11-22-2021
881,56,,17.0,116.0,11-25-2021
882,73,,17.0,116.0,11-28-2021
883,142,,17.0,116.0,12-10-2021
884,106,,17.0,116.0,12-21-2021
885,45,,17.0,116.0,12-23-2021
886,141,,22.0,131.0,08-20-2020
887,22,,22.0,131.0,10-05-2020
888,24,,22.0,131.0,01-05-2021
889,14,,22.0,131.0,01-10-2021
890,133,,22.0,131.0,03-02-2021
891,122,,22.0,131.0,03-31-2021
892,46,,22.0,131.0,05-14-2021
893,52,,22.0,131.0,06-25-2021
894,37,,22.0,131.0,06-30-2021
895,10,,22.0,131.0,07-13-2021
896,4,,22.0,131.0,08-29-2021
897,44,,22.0,131.0,09-09-2021
898,20,,22.0,131.0,11-08-2021
899,53,,22.0,131.0,11-23-2021
900,108,,22.0,131.0,12-04-2021
901,7,,22.0,131.0,12-15-2021
902,54,,22.0,131.0,12-19-2021
903,11,,22.0,131.0,12-29-2021
904,142,,29.0,151.0,08-20-2020
905,72,,29.0,151.0,09-16-2020
906,87,,29.0,151.0,11-19-2020
907,21,,29.0,151.0,01-17-2021
908,24,,29.0,151.0,01-17-2021
909,19,,29.0,151.0,04-14-2021
910,18,,29.0,151.0,05-23-2021
911,11,,29.0,151.0,05-25-2021
912,106,,29.0,151.0,06-20-2021
913,48,,29.0,151.0,08-03-2021
914,43,,29.0,151.0,09-26-2021
915,36,,29.0,151.0,10-01-2021
916,68,,29.0,151.0,10-12-2021
917,14,,29.0,151.0,11-26-2021
918,18,,29.0,151.0,12-10-2021
919,22,,29.0,151.0,12-15-2021
920,106,,29.0,151.0,12-27-2021
921,72,54.0,,,08-20-2020
922,4,54.0,,,08-27-2020
923,90,54.0,,,11-01-2020
924,77,54.0,,,11-08-2020
925,130,54.0,,,01-04-2021
926,141,54.0,,,02-09-2021
927,92,54.0,,,03-17-2021
928,12,54.0,,,04-14-2021
929,37,54.0,,,04-22-2021
930,16,54.0,,,06-07-2021
931,52,54.0,,,07-29-2021
932,24,54.0,,,08-04-2021
933,23,54.0,,,08-31-2021
934,142,54.0,,,09-04-2021
935,57,54.0,,,09-10-2021
936,20,54.0,,,09-29-2021
937,97,54.0,,,10-12-2021
938,7,54.0,,,10-12-2021
939,68,54.0,,,10-21-2021
940,50,54.0,,,10-25-2021
941,62,54.0,,,10-27-2021
942,119,54.0,,,11-19-2021
943,7,54.0,,,11-20-2021
944,20,54.0,,,11-26-2021
945,31,54.0,,,11-27-2021
946,22,54.0,,,12-10-2021
947,55,54.0,,,12-16-2021
948,119,,23.0,133.0,08-22-2020
949,46,,23.0,133.0,12-07-2020
950,45,,23.0,133.0,12-09-2020
951,75,,23.0,133.0,12-24-2020
952,74,,23.0,133.0,12-24-2020
953,10,,23.0,133.0,01-07-2021
954,77,,23.0,133.0,03-11-2021
955,40,,23.0,133.0,04-03-2021
956,71,,23.0,133.0,04-06-2021
957,97,,23.0,133.0,05-17-2021
958,64,,23.0,133.0,06-05-2021
959,30,,23.0,133.0,06-21-2021
960,3,,23.0,133.0,07-29-2021
961,105,,23.0,133.0,07-29-2021
962,14,,23.0,133.0,08-12-2021
963,37,,23.0,133.0,08-19-2021
964,59,,23.0,133.0,09-19-2021
965,23,,23.0,133.0,09-20-2021
966,58,,23.0,133.0,10-28-2021
967,22,,23.0,133.0,11-18-2021
968,22,,23.0,133.0,11-23-2021
969,13,,23.0,133.0,12-03-2021
970,119,,23.0,133.0,12-19-2021
971,46,,23.0,133.0,12-21-2021
972,106,,23.0,133.0,12-22-2021
973,21,45.0,,,08-24-2020
974,28,45.0,,,08-25-2020
975,36,45.0,,,11-28-2020
976,106,45.0,,,12-25-2020
977,26,45.0,,,01-18-2021
978,11,45.0,,,02-03-2021
979,31,45.0,,,04-19-2021
980,39,45.0,,,06-18-2021
981,146,45.0,,,07-04-2021
982,9,45.0,,,11-01-2021
983,45,45.0,,,11-02-2021
984,9,45.0,,,11-10-2021
985,46,45.0,,,11-26-2021
986,44,45.0,,,12-14-2021
987,4,83.0,,,08-24-2020
988,17,83.0,,,09-28-2020
989,73,83.0,,,01-03-2021
990,17,83.0,,,03-30-2021
991,105,83.0,,,04-13-2021
992,69,83.0,,,05-22-2021
993,39,83.0,,,06-12-2021
994,115,83.0,,,06-25-2021
995,130,83.0,,,07-04-2021
996,69,83.0,,,07-10-2021
997,50,83.0,,,07-13-2021
998,1,83.0,,,08-18-2021
999,11,83.0,,,09-22-2021
1000,19,83.0,,,09-24-2021
1001,95,83.0,,,10-03-2021
1002,16,83.0,,,10-14-2021
1003,12,83.0,,,11-06-2021
1004,43,83.0,,,11-12-2021
1005,20,83.0,,,12-04-2021
1006,36,83.0,,,12-10-2021
1007,75,83.0,,,12-11-2021
1008,19,35.0,,,08-25-2020
1009,141,35.0,,,03-08-2021
1010,46,35.0,,,05-04-2021
1011,4,35.0,,,05-07-2021
1012,50,35.0,,,06-04-2021
1013,56,35.0,,,06-13-2021
1014,21,35.0,,,06-18-2021
1015,92,35.0,,,07-23-2021
1016,35,35.0,,,08-01-2021
1017,76,35.0,,,08-25-2021
1018,69,35.0,,,10-31-2021
1019,105,35.0,,,11-09-2021
1020,93,35.0,,,11-14-2021
1021,15,35.0,,,11-22-2021
1022,93,35.0,,,12-08-2021
1023,75,35.0,,,12-11-2021
1024,58,35.0,,,12-30-2021
1025,6,,31.0,157.0,08-26-2020
1026,56,,31.0,157.0,01-03-2021
1027,25,,31.0,157.0,02-04-2021
1028,4,,31.0,157.0,02-06-2021
1029,48,,31.0,157.0,03-18-2021
1030,39,,31.0,157.0,04-25-2021
1031,122,,31.0,157.0,05-04-2021
1032,21,,31.0,157.0,05-11-2021
1033,115,,31.0,157.0,05-18-2021
1034,16,,31.0,157.0,06-19-2021
1035,21,,31.0,157.0,06-24-2021
1036,32,,31.0,157.0,07-08-2021
1037,106,,31.0,157.0,07-09-2021
1038,68,,31.0,157.0,08-24-2021
1039,36,,31.0,157.0,09-01-2021
1040,130,,31.0,157.0,09-24-2021
1041,133,,31.0,157.0,10-03-2021
1042,13,,31.0,157.0,10-16-2021
1043,22,,31.0,157.0,11-03-2021
1044,1,,31.0,157.0,11-13-2021
1045,59,,31.0,157.0,12-01-2021
1046,22,,31.0,157.0,12-07-2021
1047,24,,31.0,157.0,12-09-2021
1048,75,,31.0,157.0,12-15-2021
1049,7,,31.0,157.0,12-21-2021
1050,58,,6.0,81.0,08-26-2020
1051,54,,6.0,81.0,10-08-2020
1052,18,,6.0,81.0,11-12-2020
1053,119,,6.0,81.0,12-31-2020
1054,11,,6.0,81.0,01-05-2021
1055,93,,6.0,81.0,01-18-2021
1056,92,,6.0,81.0,04-10-2021
1057,45,,6.0,81.0,05-23-2021
1058,61,,6.0,81.0,07-30-2021
1059,54,,6.0,81.0,08-01-2021
1060,142,,6.0,81.0,09-07-2021
1061,76,90.0,,,08-27-2020
1062,141,90.0,,,05-12-2021
1063,30,90.0,,,06-07-2021
1064,132,90.0,,,06-21-2021
1065,28,90.0,,,09-11-2021
1066,12,90.0,,,12-27-2021
1067,37,,11.0,97.0,08-27-2020
1068,17,,11.0,97.0,11-18-2020
1069,15,,11.0,97.0,12-26-2020
1070,49,,11.0,97.0,05-04-2021
1071,72,,11.0,97.0,06-14-2021
1072,50,,11.0,97.0,08-02-2021
1073,69,,11.0,97.0,09-26-2021
1074,59,,11.0,97.0,11-04-2021
1075,22,,11.0,97.0,11-06-2021
1076,44,,11.0,97.0,11-22-2021
1077,48,,11.0,97.0,11-24-2021
1078,92,,11.0,97.0,12-13-2021
1079,59,13.0,,,08-28-2020
1080,21,13.0,,,10-06-2020
1081,6,13.0,,,11-01-2020
1082,5,13.0,,,12-24-2020
1083,65,13.0,,,01-11-2021
1084,42,13.0,,,02-02-2021
1085,48,13.0,,,03-01-2021
1086,123,13.0,,,06-06-2021
1087,26,13.0,,,07-22-2021
1088,7,13.0,,,08-06-2021
1089,21,13.0,,,09-24-2021
1090,9,13.0,,,11-07-2021
1091,21,13.0,,,11-16-2021
1092,53,13.0,,,11-22-2021
1093,53,13.0,,,11-23-2021
1094,5,13.0,,,12-13-2021
1095,4,23.0,,,08-29-2020
1096,35,23.0,,,10-18-2020
1097,50,23.0,,,09-18-2021
1098,57,23.0,,,12-11-2021
1099,77,,2.0,8.0,08-29-2020
1100,45,,2.0,8.0,06-11-2021
1101,54,,2.0,8.0,06-22-2021
1102,132,,2.0,8.0,11-01-2021
1103,41,100.0,,,08-29-2020
1104,55,100.0,,,09-06-2020
1105,33,100.0,,,09-24-2020
1106,25,100.0,,,12-02-2020
1107,4,100.0,,,02-06-2021
1108,92,100.0,,,03-20-2021
1109,38,100.0,,,03-25-2021
1110,82,100.0,,,04-09-2021
1111,55,100.0,,,05-19-2021
1112,68,100.0,,,06-04-2021
1113,30,100.0,,,06-23-2021
1114,50,100.0,,,07-15-2021
1115,23,100.0,,,08-28-2021
1116,82,100.0,,,09-19-2021
1117,41,100.0,,,10-04-2021
1118,67,100.0,,,10-13-2021
1119,55,100.0,,,10-16-2021
1120,132,100.0,,,11-02-2021
1121,2,100.0,,,11-22-2021
1122,21,66.0,,,08-30-2020
1123,60,66.0,,,10-24-2020
1124,42,66.0,,,11-28-2020
1125,2,66.0,,,02-15-2021
1126,72,66.0,,,03-06-2021
1127,46,66.0,,,03-14-2021
1128,59,66.0,,,04-01-2021
1129,80,66.0,,,06-22-2021
1130,5,66.0,,,09-30-2021
1131,65,66.0,,,10-12-2021
1132,9,66.0,,,11-04-2021
1133,9,66.0,,,11-05-2021
1134,52,66.0,,,11-28-2021
1135,39,66.0,,,12-14-2021
1136,3,50.0,,,08-31-2020
1137,17,50.0,,,01-02-2021
1138,60,50.0,,,01-23-2021
1139,17,50.0,,,03-03-2021
1140,97,50.0,,,03-27-2021
1141,46,50.0,,,04-02-2021
1142,12,50.0,,,06-01-2021
1143,28,50.0,,,06-05-2021
1144,67,50.0,,,07-26-2021
1145,134,50.0,,,09-25-2021
1146,87,50.0,,,10-13-2021
1147,90,50.0,,,10-17-2021
1148,20,50.0,,,11-08-2021
1149,142,50.0,,,11-12-2021
1150,12,50.0,,,11-17-2021
1151,132,50.0,,,12-08-2021
1152,58,50.0,,,12-16-2021
1153,20,50.0,,,12-19-2021
1154,2,50.0,,,12-29-2021
1155,141,,16.0,111.0,08-31-2020
1156,41,,16.0,111.0,10-10-2020
1157,24,,16.0,111.0,11-03-2020
1158,115,,16.0,111.0,02-22-2021
1159,26,,16.0,111.0,02-24-2021
1160,87,,16.0,111.0,05-08-2021
1161,30,,16.0,111.0,05-10-2021
1162,49,,16.0,111.0,05-29-2021
1163,115,,16.0,111.0,06-10-2021
1164,106,,16.0,111.0,06-14-2021
1165,44,,16.0,111.0,09-08-2021
1166,23,,16.0,111.0,09-14-2021
1167,90,,16.0,111.0,09-21-2021
1168,130,,16.0,111.0,09-26-2021
1169,15,,16.0,111.0,11-24-2021
1170,90,64.0,,,09-03-2020
1171,51,64.0,,,09-11-2020
1172,134,64.0,,,10-04-2020
1173,19,64.0,,,10-05-2020
1174,47,64.0,,,02-17-2021
1175,28,64.0,,,04-11-2021
1176,64,64.0,,,05-07-2021
1177,55,64.0,,,05-12-2021
1178,93,64.0,,,05-18-2021
1179,71,64.0,,,06-17-2021
1180,43,64.0,,,07-27-2021
1181,33,64.0,,,10-18-2021
1182,5,64.0,,,11-15-2021
1183,5,64.0,,,11-19-2021
1184,132,64.0,,,11-20-2021
1185,40,64.0,,,12-12-2021
1186,119,64.0,,,12-21-2021
1187,1,,3.0,47.0,09-03-2020
1188,13,,3.0,47.0,01-17-2021
1189,141,,3.0,47.0,04-20-2021
1190,132,,3.0,47.0,05-21-2021
1191,73,,3.0,47.0,06-01-2021
1192,90,,3.0,47.0,10-05-2021
1193,123,74.0,,,09-05-2020
1194,123,74.0,,,11-19-2020
1195,6,74.0,,,02-11-2021
1196,122,74.0,,,03-03-2021
1197,76,74.0,,,03-05-2021
1198,72,74.0,,,06-30-2021
1199,65,74.0,,,08-06-2021
1200,1,74.0,,,09-13-2021
1201,68,74.0,,,09-24-2021
1202,133,74.0,,,10-06-2021
1203,54,74.0,,,10-12-2021
1204,130,74.0,,,10-13-2021
1205,43,74.0,,,11-10-2021
1206,53,74.0,,,11-23-2021
1207,4,39.0,,,09-09-2020
1208,17,39.0,,,09-22-2020
1209,92,39.0,,,02-01-2021
1210,35,39.0,,,03-30-2021
1211,108,39.0,,,07-01-2021
1212,122,39.0,,,07-22-2021
1213,4,39.0,,,08-23-2021
1214,64,39.0,,,09-01-2021
1215,44,39.0,,,09-26-2021
1216,55,39.0,,,12-12-2021
1217,16,,1.0,66.0,09-09-2020
1218,92,,1.0,66.0,01-15-2021
1219,15,,1.0,66.0,01-30-2021
1220,77,,1.0,66.0,07-07-2021
1221,50,,1.0,66.0,09-01-2021
1222,46,,1.0,66.0,09-13-2021
1223,49,,1.0,66.0,09-24-2021
1224,12,,1.0,66.0,11-12-2021
1225,134,21.0,,,09-09-2020
1226,63,21.0,,,11-24-2020
1227,4,21.0,,,12-05-2020
1228,11,21.0,,,03-05-2021
1229,119,21.0,,,03-13-2021
1230,36,21.0,,,04-19-2021
1231,47,21.0,,,04-25-2021
1232,45,21.0,,,07-13-2021
1233,142,21.0,,,08-21-2021
1234,64,21.0,,,09-13-2021
1235,35,21.0,,,09-16-2021
1236,133,21.0,,,09-20-2021
1237,35,21.0,,,10-29-2021
1238,134,21.0,,,11-03-2021
1239,93,21.0,,,12-11-2021
1240,92,21.0,,,12-11-2021
1241,106,21.0,,,12-13-2021
1242,32,21.0,,,12-15-2021
1243,142,21.0,,,12-26-2021
1244,26,65.0,,,09-11-2020
1245,17,65.0,,,09-20-2020
1246,19,65.0,,,09-22-2020
1247,48,65.0,,,11-19-2020
1248,141,65.0,,,11-28-2020
1249,41,65.0,,,12-31-2020
1250,40,65.0,,,02-10-2021
1251,11,65.0,,,02-18-2021
1252,27,65.0,,,06-16-2021
1253,60,65.0,,,06-20-2021
1254,130,65.0,,,07-01-2021
1255,130,65.0,,,07-25-2021
1256,58,65.0,,,08-06-2021
1257,17,65.0,,,09-03-2021
1258,87,65.0,,,09-08-2021
1259,95,65.0,,,09-11-2021
1260,133,65.0,,,09-22-2021
1261,45,65.0,,,09-26-2021
1262,133,65.0,,,10-05-2021
1263,105,65.0,,,10-14-2021
1264,32,65.0,,,10-18-2021
1265,97,65.0,,,10-19-2021
1266,26,65.0,,,11-08-2021
1267,48,65.0,,,11-12-2021
1268,20,65.0,,,12-12-2021
1269,7,65.0,,,12-14-2021
1270,20,65.0,,,12-21-2021
1271,46,,1.0,69.0,09-12-2020
1272,31,,1.0,69.0,03-02-2021
1273,23,,1.0,69.0,04-04-2021
1274,18,,1.0,69.0,07-17-2021
1275,26,,1.0,69.0,08-03-2021
1276,22,,1.0,69.0,09-15-2021
1277,50,,1.0,69.0,10-12-2021
1278,36,,1.0,69.0,12-20-2021
1279,90,,28.0,147.0,09-13-2020
1280,31,,28.0,147.0,10-30-2020
1281,49,,28.0,147.0,11-25-2020
1282,106,,28.0,147.0,01-01-2021
1283,6,,28.0,147.0,02-17-2021
1284,141,,28.0,147.0,03-02-2021
1285,55,,28.0,147.0,04-14-2021
1286,4,,28.0,147.0,06-30-2021
1287,3,,28.0,147.0,07-08-2021
1288,97,,28.0,147.0,07-17-2021
1289,54,,28.0,147.0,08-12-2021
1290,60,,28.0,147.0,09-01-2021
1291,87,,28.0,147.0,11-01-2021
1292,26,,28.0,147.0,11-16-2021
1293,77,,28.0,147.0,11-17-2021
1294,12,,28.0,147.0,12-06-2021
1295,132,,28.0,147.0,12-11-2021
1296,142,,28.0,147.0,12-16-2021
1297,50,78.0,,,09-14-2020
1298,6,78.0,,,10-30-2020
1299,123,78.0,,,03-13-2021
1300,55,78.0,,,03-31-2021
1301,8,78.0,,,05-01-2021
1302,55,78.0,,,05-26-2021
1303,65,78.0,,,06-01-2021
1304,26,78.0,,,07-12-2021
1305,122,78.0,,,08-17-2021
1306,25,78.0,,,08-24-2021
1307,53,78.0,,,11-24-2021
1308,7,78.0,,,12-22-2021
1309,32,78.0,,,12-23-2021
1310,19,42.0,,,09-15-2020
1311,134,42.0,,,09-26-2020
1312,115,42.0,,,10-14-2020
1313,77,42.0,,,10-20-2020
1314,133,42.0,,,03-06-2021
1315,93,42.0,,,03-18-2021
1316,92,42.0,,,05-04-2021
1317,32,42.0,,,05-09-2021
1318,35,42.0,,,05-23-2021
1319,31,42.0,,,06-02-2021
1320,46,42.0,,,06-20-2021
1321,87,42.0,,,07-12-2021
1322,2,42.0,,,07-23-2021
1323,46,42.0,,,09-16-2021
1324,4,42.0,,,09-27-2021
1325,13,42.0,,,09-30-2021
1326,37,42.0,,,10-19-2021
1327,1,42.0,,,11-14-2021
1328,5,42.0,,,11-21-2021
1329,28,42.0,,,11-25-2021
1330,58,42.0,,,11-30-2021
1331,119,42.0,,,12-03-2021
1332,50,42.0,,,12-22-2021
1333,2,93.0,,,09-17-2020
1334,72,93.0,,,05-20-2021
1335,70,93.0,,,06-01-2021
1336,29,93.0,,,08-30-2021
1337,90,93.0,,,09-10-2021
1338,56,93.0,,,10-06-2021
1339,87,93.0,,,11-16-2021
1340,72,93.0,,,11-20-2021
1341,1,,25.0,139.0,09-18-2020
1342,43,,25.0,139.0,11-29-2020
1343,46,,25.0,139.0,07-02-2021
1344,44,,25.0,139.0,08-15-2021
1345,52,,25.0,139.0,09-23-2021
1346,66,,25.0,139.0,09-26-2021
1347,43,,25.0,139.0,09-27-2021
1348,40,,25.0,139.0,11-01-2021
1349,7,,25.0,139.0,11-11-2021
1350,40,,25.0,139.0,11-16-2021
1351,8,,25.0,139.0,11-28-2021
1352,142,,25.0,139.0,12-21-2021
1353,74,,25.0,139.0,12-21-2021
1354,32,,25.0,139.0,12-24-2021
1355,23,,25.0,139.0,12-29-2021
1356,15,,25.0,139.0,08-01-2020
1357,82,,25.0,139.0,09-15-2020
1358,22,,25.0,139.0,09-21-2020
1359,90,,25.0,139.0,10-12-2020
1360,49,,25.0,139.0,08-16-2021
1361,25,,21.0,126.0,09-18-2020
1362,40,,21.0,126.0,11-12-2020
1363,2,,21.0,126.0,11-20-2020
1364,14,,21.0,126.0,12-09-2020
1365,23,,21.0,126.0,04-21-2021
1366,41,,21.0,126.0,06-08-2021
1367,4,,21.0,126.0,06-29-2021
1368,12,,21.0,126.0,07-25-2021
1369,66,,21.0,126.0,08-08-2021
1370,122,,21.0,126.0,08-10-2021
1371,39,,21.0,126.0,08-10-2021
1372,61,,21.0,126.0,10-29-2021
1373,8,,21.0,126.0,11-06-2021
1374,18,,21.0,126.0,11-26-2021
1375,52,,21.0,126.0,11-27-2021
1376,22,,2.0,10.0,09-22-2020
1377,22,,2.0,10.0,10-02-2020
1378,30,,2.0,10.0,06-08-2021
1379,55,,2.0,10.0,10-25-2021
1380,51,,27.0,145.0,09-22-2020
1381,115,,27.0,145.0,02-14-2021
1382,74,,27.0,145.0,06-18-2021
1383,23,,27.0,145.0,06-18-2021
1384,92,,27.0,145.0,06-18-2021
1385,7,,27.0,145.0,08-04-2021
1386,105,,27.0,145.0,08-06-2021
1387,66,,27.0,145.0,09-03-2021
1388,59,,27.0,145.0,09-23-2021
1389,133,,27.0,145.0,10-01-2021
1390,18,,27.0,145.0,10-05-2021
1391,108,,27.0,145.0,11-14-2021
1392,22,,27.0,145.0,11-30-2021
1393,133,,27.0,145.0,12-07-2021
1394,63,,27.0,145.0,12-09-2021
1395,75,,27.0,145.0,12-11-2021
1396,15,,27.0,145.0,12-29-2021
1397,49,,3.0,39.0,09-23-2020
1398,90,,3.0,39.0,09-14-2021
1399,67,,3.0,39.0,11-01-2021
1400,26,,28.0,149.0,09-26-2020
1401,87,,28.0,149.0,10-11-2020
1402,31,,28.0,149.0,11-20-2020
1403,60,,28.0,149.0,12-03-2020
1404,90,,28.0,149.0,12-12-2020
1405,106,,28.0,149.0,12-21-2020
1406,54,,28.0,149.0,01-19-2021
1407,141,,28.0,149.0,02-16-2021
1408,3,,28.0,149.0,03-28-2021
1409,49,,28.0,149.0,04-15-2021
1410,70,,28.0,149.0,04-25-2021
1411,55,,28.0,149.0,05-23-2021
1412,4,,28.0,149.0,08-26-2021
1413,97,,28.0,149.0,09-18-2021
1414,132,,28.0,149.0,11-19-2021
1415,142,,28.0,149.0,12-16-2021
1416,45,,2.0,19.0,09-27-2020
1417,77,,2.0,19.0,02-28-2021
1418,22,,2.0,19.0,05-06-2021
1419,35,,2.0,19.0,08-12-2021
1420,21,,26.0,142.0,09-28-2020
1421,76,,26.0,142.0,10-17-2020
1422,4,,26.0,142.0,02-21-2021
1423,38,,26.0,142.0,02-23-2021
1424,16,,26.0,142.0,04-07-2021
1425,51,,26.0,142.0,05-19-2021
1426,64,,26.0,142.0,06-29-2021
1427,60,,26.0,142.0,08-26-2021
1428,115,,26.0,142.0,08-27-2021
1429,133,,26.0,142.0,09-21-2021
1430,56,,26.0,142.0,10-23-2021
1431,119,,26.0,142.0,11-27-2021
1432,73,,26.0,142.0,12-13-2021
1433,70,,26.0,142.0,12-18-2021
1434,67,,26.0,142.0,12-24-2021
1435,39,,26.0,142.0,12-26-2021
1436,33,,26.0,142.0,12-29-2021
1437,87,,28.0,148.0,09-28-2020
1438,49,,28.0,148.0,10-01-2020
1439,31,,28.0,148.0,10-05-2020
1440,3,,28.0,148.0,10-29-2020
1441,106,,28.0,148.0,11-14-2020
1442,90,,28.0,148.0,12-15-2020
1443,55,,28.0,148.0,12-18-2020
1444,141,,28.0,148.0,03-11-2021
1445,97,,28.0,148.0,04-04-2021
1446,12,,28.0,148.0,04-24-2021
1447,70,,28.0,148.0,06-27-2021
1448,64,,28.0,148.0,07-08-2021
1449,60,,28.0,148.0,07-18-2021
1450,4,,28.0,148.0,08-16-2021
1451,26,,28.0,148.0,10-08-2021
1452,132,,28.0,148.0,11-21-2021
1453,142,,28.0,148.0,12-25-2021
1454,45,38.0,,,09-29-2020
1455,48,38.0,,,11-16-2020
1456,90,38.0,,,11-21-2020
1457,82,38.0,,,12-31-2020
1458,77,38.0,,,02-24-2021
1459,24,38.0,,,03-22-2021
1460,19,38.0,,,03-23-2021
1461,8,38.0,,,06-12-2021
1462,41,38.0,,,08-17-2021
1463,28,38.0,,,09-04-2021
1464,11,38.0,,,09-16-2021
1465,133,38.0,,,09-21-2021
1466,70,38.0,,,10-21-2021
1467,31,38.0,,,11-27-2021
1468,24,38.0,,,12-08-2021
1469,32,38.0,,,12-11-2021
1470,31,38.0,,,12-12-2021
1471,59,38.0,,,12-30-2021
1472,146,,4.0,52.0,09-30-2020
1473,16,,4.0,52.0,11-04-2020
1474,48,,4.0,52.0,04-02-2021
1475,23,,4.0,52.0,05-09-2021
1476,68,,4.0,52.0,10-23-2021
1477,22,,4.0,52.0,12-21-2021
1478,32,,4.0,52.0,12-25-2021
1479,19,,13.0,103.0,10-01-2020
1480,16,,13.0,103.0,10-07-2020
1481,50,,13.0,103.0,12-27-2020
1482,142,,13.0,103.0,02-12-2021
1483,97,,13.0,103.0,05-10-2021
1484,108,,13.0,103.0,06-25-2021
1485,54,,13.0,103.0,07-15-2021
1486,65,,13.0,103.0,07-15-2021
1487,106,,13.0,103.0,07-16-2021
1488,26,,13.0,103.0,08-01-2021
1489,119,,13.0,103.0,08-02-2021
1490,46,,13.0,103.0,08-08-2021
1491,4,,13.0,103.0,08-27-2021
1492,72,,13.0,103.0,09-10-2021
1493,73,,13.0,103.0,10-05-2021
1494,43,,13.0,103.0,10-14-2021
1495,44,,13.0,103.0,10-21-2021
1496,36,,13.0,103.0,10-21-2021
1497,3,,13.0,103.0,10-23-2021
1498,123,,13.0,103.0,11-23-2021
1499,68,,13.0,103.0,12-06-2021
1500,31,,13.0,103.0,12-13-2021
1501,75,,13.0,103.0,12-13-2021
1502,36,,13.0,103.0,12-17-2021
1503,106,,13.0,103.0,12-23-2021
1504,14,,13.0,103.0,12-24-2021
1505,49,,16.0,113.0,10-02-2020
1506,141,,16.0,113.0,10-25-2020
1507,26,,16.0,113.0,01-30-2021
1508,87,,16.0,113.0,03-24-2021
1509,115,,16.0,113.0,03-28-2021
1510,115,,16.0,113.0,04-25-2021
1511,106,,16.0,113.0,06-10-2021
1512,24,,16.0,113.0,07-07-2021
1513,51,,16.0,113.0,08-11-2021
1514,90,,16.0,113.0,09-06-2021
1515,44,,16.0,113.0,09-20-2021
1516,23,,16.0,113.0,09-21-2021
1517,130,,16.0,113.0,09-24-2021
1518,30,,16.0,113.0,10-07-2021
1519,15,,16.0,113.0,12-03-2021
1520,26,,3.0,35.0,10-03-2020
1521,74,,3.0,35.0,07-09-2021
1522,90,,3.0,35.0,09-05-2021
1523,58,,3.0,35.0,09-05-2021
1524,73,,3.0,35.0,09-11-2021
1525,41,,3.0,35.0,11-01-2021
1526,14,,3.0,35.0,11-17-2021
1527,141,,3.0,46.0,10-04-2020
1528,72,,3.0,46.0,07-18-2021
1529,74,,3.0,46.0,09-20-2021
1530,115,,3.0,38.0,10-05-2020
1531,1,,3.0,38.0,10-06-2020
1532,17,,8.0,88.0,10-07-2020
1533,73,,8.0,88.0,02-08-2021
1534,61,,8.0,88.0,03-21-2021
1535,22,,8.0,88.0,05-28-2021
1536,52,,8.0,88.0,06-17-2021
1537,4,,8.0,88.0,06-21-2021
1538,6,,8.0,88.0,07-22-2021
1539,119,,8.0,88.0,08-17-2021
1540,64,,8.0,88.0,09-05-2021
1541,55,,8.0,88.0,09-12-2021
1542,146,,8.0,88.0,10-14-2021
1543,27,,8.0,88.0,10-18-2021
1544,73,,8.0,88.0,10-22-2021
1545,5,,8.0,88.0,11-14-2021
1546,119,,8.0,88.0,11-29-2021
1547,33,,8.0,88.0,12-03-2021
1548,119,,8.0,88.0,12-03-2021
1549,43,,8.0,88.0,12-08-2021
1550,66,,8.0,88.0,12-10-2021
1551,49,,8.0,88.0,12-13-2021
1552,22,,8.0,88.0,12-15-2021
1553,44,2.0,,,10-07-2020
1554,50,2.0,,,03-20-2021
1555,58,2.0,,,04-15-2021
1556,30,2.0,,,06-08-2021
1557,49,2.0,,,06-19-2021
1558,61,2.0,,,07-04-2021
1559,21,2.0,,,07-15-2021
1560,28,2.0,,,08-09-2021
1561,132,2.0,,,09-05-2021
1562,12,2.0,,,11-04-2021
1563,41,2.0,,,12-14-2021
1564,50,2.0,,,12-16-2021
1565,17,17.0,,,10-07-2020
1566,60,17.0,,,10-30-2020
1567,122,17.0,,,03-12-2021
1568,92,17.0,,,04-18-2021
1569,97,17.0,,,05-26-2021
1570,36,17.0,,,07-13-2021
1571,130,17.0,,,07-23-2021
1572,37,17.0,,,07-27-2021
1573,60,17.0,,,08-23-2021
1574,64,17.0,,,10-02-2021
1575,77,17.0,,,11-08-2021
1576,6,,6.0,82.0,10-08-2020
1577,22,,6.0,82.0,01-16-2021
1578,54,,6.0,82.0,03-09-2021
1579,47,,6.0,82.0,05-24-2021
1580,54,,6.0,82.0,06-17-2021
1581,133,,6.0,82.0,09-03-2021
1582,35,,6.0,82.0,09-21-2021
1583,61,,6.0,82.0,10-23-2021
1584,93,,6.0,82.0,10-26-2021
1585,71,,6.0,82.0,11-27-2021
1586,134,75.0,,,10-11-2020
1587,52,75.0,,,12-28-2020
1588,4,75.0,,,01-08-2021
1589,31,75.0,,,01-11-2021
1590,4,75.0,,,04-12-2021
1591,35,75.0,,,04-21-2021
1592,17,75.0,,,04-24-2021
1593,50,75.0,,,06-08-2021
1594,51,75.0,,,06-27-2021
1595,46,75.0,,,07-09-2021
1596,36,75.0,,,07-11-2021
1597,39,75.0,,,07-14-2021
1598,30,75.0,,,07-22-2021
1599,66,75.0,,,08-03-2021
1600,46,75.0,,,08-25-2021
1601,41,75.0,,,08-30-2021
1602,142,75.0,,,09-25-2021
1603,21,75.0,,,09-28-2021
1604,37,75.0,,,09-29-2021
1605,119,75.0,,,10-05-2021
1606,44,75.0,,,10-06-2021
1607,50,75.0,,,10-09-2021
1608,8,75.0,,,10-13-2021
1609,50,75.0,,,10-23-2021
1610,108,75.0,,,10-27-2021
1611,21,75.0,,,11-03-2021
1612,35,75.0,,,11-07-2021
1613,5,75.0,,,11-15-2021
1614,57,75.0,,,11-23-2021
1615,92,75.0,,,12-12-2021
1616,74,75.0,,,12-12-2021
1617,16,,3.0,50.0,10-12-2020
1618,74,,3.0,50.0,07-08-2021
1619,35,,2.0,17.0,10-13-2020
1620,77,,2.0,17.0,04-07-2021
1621,54,,2.0,17.0,08-06-2021
1622,63,,2.0,17.0,08-20-2021
1623,90,,2.0,17.0,10-19-2021
1624,92,,17.0,115.0,10-18-2020
1625,36,,17.0,115.0,10-18-2020
1626,56,,17.0,115.0,12-07-2020
1627,63,,17.0,115.0,02-13-2021
1628,25,,17.0,115.0,03-10-2021
1629,123,,17.0,115.0,03-19-2021
1630,73,,17.0,115.0,03-28-2021
1631,73,,17.0,115.0,06-01-2021
1632,54,,17.0,115.0,06-29-2021
1633,142,,17.0,115.0,07-06-2021
1634,28,,17.0,115.0,07-12-2021
1635,45,,17.0,115.0,08-19-2021
1636,17,,17.0,115.0,09-04-2021
1637,76,,17.0,115.0,09-12-2021
1638,134,,17.0,115.0,09-16-2021
1639,92,,17.0,115.0,09-25-2021
1640,14,,17.0,115.0,09-28-2021
1641,43,,17.0,115.0,10-06-2021
1642,41,,17.0,115.0,11-07-2021
1643,22,,17.0,115.0,12-11-2021
1644,106,,17.0,115.0,12-19-2021
1645,32,,17.0,115.0,12-26-2021
1646,63,,15.0,109.0,10-19-2020
1647,23,,15.0,109.0,01-27-2021
1648,90,,15.0,109.0,02-20-2021
1649,61,,15.0,109.0,03-06-2021
1650,18,,15.0,109.0,03-27-2021
1651,35,,15.0,109.0,07-01-2021
1652,70,,15.0,109.0,07-19-2021
1653,76,,15.0,109.0,08-05-2021
1654,66,,15.0,109.0,08-16-2021
1655,49,,15.0,109.0,08-17-2021
1656,23,,15.0,109.0,08-19-2021
1657,24,,15.0,109.0,08-21-2021
1658,37,,15.0,109.0,09-20-2021
1659,73,,15.0,109.0,09-25-2021
1660,14,,15.0,109.0,10-29-2021
1661,75,,15.0,109.0,12-15-2021
1662,38,,3.0,44.0,10-22-2020
1663,115,,3.0,44.0,02-21-2021
1664,141,,3.0,44.0,02-25-2021
1665,67,,3.0,44.0,09-30-2021
1666,90,94.0,,,10-23-2020
1667,1,,3.0,33.0,10-27-2020
1668,2,,21.0,127.0,10-29-2020
1669,18,,21.0,127.0,11-02-2020
1670,14,,21.0,127.0,12-03-2020
1671,61,,21.0,127.0,12-12-2020
1672,23,,21.0,127.0,01-23-2021
1673,25,,21.0,127.0,07-13-2021
1674,12,,21.0,127.0,07-20-2021
1675,66,,21.0,127.0,07-29-2021
1676,115,,21.0,127.0,08-12-2021
1677,122,,21.0,127.0,08-18-2021
1678,40,,21.0,127.0,10-26-2021
1679,52,,21.0,127.0,10-26-2021
1680,8,,21.0,127.0,11-07-2021
1681,39,,21.0,127.0,11-23-2021
1682,1,,25.0,140.0,10-30-2020
1683,142,,25.0,140.0,12-26-2020
1684,43,,25.0,140.0,01-30-2021
1685,40,,25.0,140.0,03-26-2021
1686,47,,25.0,140.0,04-17-2021
1687,122,,25.0,140.0,07-18-2021
1688,73,,25.0,140.0,07-28-2021
1689,52,,25.0,140.0,08-07-2021
1690,66,,25.0,140.0,08-13-2021
1691,133,,25.0,140.0,09-20-2021
1692,115,,25.0,140.0,10-10-2021
1693,7,,25.0,140.0,10-21-2021
1694,23,,25.0,140.0,11-18-2021
1695,40,,25.0,140.0,12-12-2021
1696,8,,25.0,140.0,12-13-2021
1697,15,,25.0,140.0,08-01-2020
1698,22,,25.0,140.0,09-21-2020
1699,82,,25.0,140.0,09-15-2020
1700,90,,25.0,140.0,10-12-2020
1701,49,,25.0,140.0,08-16-2021
1702,21,97.0,,,10-30-2020
1703,38,97.0,,,12-23-2020
1704,63,97.0,,,03-03-2021
1705,59,97.0,,,03-09-2021
1706,59,97.0,,,04-16-2021
1707,42,97.0,,,05-08-2021
1708,31,97.0,,,05-11-2021
1709,9,97.0,,,11-07-2021
1710,9,97.0,,,11-11-2021
1711,40,97.0,,,11-29-2021
1712,5,97.0,,,12-09-2021
1713,48,97.0,,,12-22-2021
1714,141,31.0,,,11-04-2020
1715,31,31.0,,,11-13-2020
1716,28,31.0,,,12-21-2020
1717,38,31.0,,,12-28-2020
1718,59,31.0,,,01-25-2021
1719,5,31.0,,,02-15-2021
1720,42,31.0,,,04-04-2021
1721,65,31.0,,,05-06-2021
1722,40,31.0,,,07-01-2021
1723,4,31.0,,,08-02-2021
1724,52,31.0,,,10-12-2021
1725,48,31.0,,,10-13-2021
1726,9,31.0,,,10-30-2021
1727,9,31.0,,,11-11-2021
1728,64,31.0,,,11-18-2021
1729,108,31.0,,,11-20-2021
1730,65,31.0,,,12-13-2021
1731,77,,5.0,73.0,11-05-2020
1732,73,,5.0,73.0,12-31-2020
1733,51,,5.0,73.0,04-27-2021
1734,54,,5.0,73.0,06-16-2021
1735,39,,5.0,73.0,08-29-2021
1736,67,,5.0,73.0,08-29-2021
1737,142,,5.0,73.0,12-16-2021
1738,40,,5.0,73.0,12-19-2021
1739,72,,5.0,73.0,07-07-2020
1740,46,,5.0,73.0,08-04-2020
1741,13,,5.0,73.0,01-07-2021
1742,119,,5.0,73.0,11-01-2020
1743,43,,5.0,73.0,09-27-2021
1744,8,,5.0,73.0,11-03-2021
1745,49,,5.0,73.0,06-30-2021
1746,146,,4.0,61.0,11-06-2020
1747,16,,4.0,61.0,02-25-2021
1748,21,,4.0,61.0,05-31-2021
1749,22,,4.0,61.0,12-05-2021
1750,23,,4.0,61.0,12-09-2021
1751,52,,19.0,120.0,11-07-2020
1752,67,,19.0,120.0,12-19-2020
1753,106,,19.0,120.0,12-24-2020
1754,26,,19.0,120.0,02-03-2021
1755,19,,19.0,120.0,04-13-2021
1756,68,,19.0,120.0,05-18-2021
1757,48,,19.0,120.0,07-22-2021
1758,76,,19.0,120.0,07-27-2021
1759,23,,19.0,120.0,08-26-2021
1760,66,,19.0,120.0,08-27-2021
1761,61,,19.0,120.0,11-15-2021
1762,49,,19.0,120.0,12-29-2021
1763,130,51.0,,,11-08-2020
1764,14,51.0,,,12-06-2020
1765,141,51.0,,,12-06-2020
1766,130,51.0,,,01-30-2021
1767,12,51.0,,,01-30-2021
1768,25,51.0,,,02-27-2021
1769,63,51.0,,,04-30-2021
1770,34,51.0,,,07-10-2021
1771,20,51.0,,,08-17-2021
1772,67,51.0,,,09-04-2021
1773,17,51.0,,,11-10-2021
1774,95,51.0,,,12-09-2021
1775,72,36.0,,,11-09-2020
1776,72,36.0,,,11-21-2020
1777,93,36.0,,,12-12-2020
1778,57,36.0,,,01-24-2021
1779,122,36.0,,,03-08-2021
1780,43,36.0,,,05-21-2021
1781,7,36.0,,,08-04-2021
1782,21,36.0,,,09-19-2021
1783,53,36.0,,,11-23-2021
1784,45,79.0,,,11-09-2020
1785,59,79.0,,,08-11-2021
1786,26,,22.0,129.0,11-09-2020
1787,31,,22.0,129.0,11-22-2020
1788,141,,22.0,129.0,12-13-2020
1789,10,,22.0,129.0,01-25-2021
1790,14,,22.0,129.0,04-12-2021
1791,12,,22.0,129.0,05-04-2021
1792,46,,22.0,129.0,05-28-2021
1793,44,,22.0,129.0,06-02-2021
1794,52,,22.0,129.0,08-25-2021
1795,122,,22.0,129.0,08-26-2021
1796,37,,22.0,129.0,09-06-2021
1797,22,,22.0,129.0,10-20-2021
1798,11,,22.0,129.0,10-30-2021
1799,108,,22.0,129.0,11-04-2021
1800,20,,22.0,129.0,11-10-2021
1801,133,,22.0,129.0,12-08-2021
1802,54,,22.0,129.0,12-11-2021
1803,7,,22.0,129.0,12-18-2021
1804,18,,7.0,84.0,11-10-2020
1805,141,,7.0,84.0,02-07-2021
1806,35,,7.0,84.0,03-02-2021
1807,16,,7.0,84.0,03-07-2021
1808,47,,7.0,84.0,03-16-2021
1809,108,,7.0,84.0,05-11-2021
1810,119,,7.0,84.0,05-13-2021
1811,40,,7.0,84.0,05-26-2021
1812,92,,7.0,84.0,06-30-2021
1813,60,,7.0,84.0,07-13-2021
1814,76,,7.0,84.0,07-30-2021
1815,36,,7.0,84.0,08-30-2021
1816,97,,7.0,84.0,09-06-2021
1817,4,,7.0,84.0,09-11-2021
1818,64,,7.0,84.0,09-22-2021
1819,41,,7.0,84.0,09-29-2021
1820,59,,7.0,84.0,10-08-2021
1821,108,,7.0,84.0,10-31-2021
1822,8,,7.0,84.0,11-04-2021
1823,92,,7.0,84.0,12-09-2021
1824,16,,7.0,84.0,12-13-2021
1825,75,,7.0,84.0,12-16-2021
1826,62,,2.0,25.0,11-11-2020
1827,43,,2.0,25.0,10-05-2021
1828,141,,18.0,118.0,11-11-2020
1829,46,,18.0,118.0,12-05-2020
1830,40,,18.0,118.0,12-21-2020
1831,141,,18.0,118.0,02-22-2021
1832,119,,18.0,118.0,03-09-2021
1833,62,,18.0,118.0,03-23-2021
1834,106,,18.0,118.0,06-08-2021
1835,30,,18.0,118.0,06-11-2021
1836,12,,18.0,118.0,06-28-2021
1837,15,,18.0,118.0,07-06-2021
1838,73,,18.0,118.0,07-11-2021
1839,36,,18.0,118.0,07-12-2021
1840,49,,18.0,118.0,07-25-2021
1841,22,,18.0,118.0,08-12-2021
1842,77,,18.0,118.0,08-29-2021
1843,82,,18.0,118.0,09-03-2021
1844,134,,18.0,118.0,09-05-2021
1845,50,,18.0,118.0,09-05-2021
1846,37,,11.0,96.0,11-11-2020
1847,22,,11.0,96.0,01-22-2021
1848,87,,11.0,96.0,02-01-2021
1849,17,,11.0,96.0,03-23-2021
1850,18,,11.0,96.0,04-15-2021
1851,72,,11.0,96.0,06-11-2021
1852,69,,11.0,96.0,07-25-2021
1853,15,,11.0,96.0,08-20-2021
1854,7,,11.0,96.0,09-10-2021
1855,50,,11.0,96.0,10-18-2021
1856,59,,11.0,96.0,11-07-2021
1857,44,,11.0,96.0,11-19-2021
1858,48,,11.0,96.0,11-29-2021
1859,54,,11.0,96.0,11-29-2021
1860,92,,11.0,96.0,12-10-2021
1861,74,53.0,,,11-15-2020
1862,92,53.0,,,11-21-2020
1863,30,53.0,,,06-01-2021
1864,60,53.0,,,07-18-2021
1865,68,53.0,,,11-27-2021
1866,22,53.0,,,12-23-2021
1867,130,88.0,,,11-15-2020
1868,12,88.0,,,01-21-2021
1869,47,88.0,,,02-15-2021
1870,17,88.0,,,03-03-2021
1871,68,88.0,,,06-07-2021
1872,32,88.0,,,06-15-2021
1873,17,88.0,,,07-21-2021
1874,54,88.0,,,08-15-2021
1875,20,88.0,,,08-15-2021
1876,142,88.0,,,08-24-2021
1877,130,88.0,,,08-31-2021
1878,26,88.0,,,11-03-2021
1879,115,88.0,,,11-14-2021
1880,20,88.0,,,11-17-2021
1881,44,88.0,,,12-03-2021
1882,38,,26.0,141.0,11-16-2020
1883,21,,26.0,141.0,11-22-2020
1884,73,,26.0,141.0,07-02-2021
1885,51,,26.0,141.0,07-16-2021
1886,64,,26.0,141.0,07-24-2021
1887,56,,26.0,141.0,08-08-2021
1888,70,,26.0,141.0,08-10-2021
1889,16,,26.0,141.0,09-01-2021
1890,60,,26.0,141.0,09-02-2021
1891,115,,26.0,141.0,12-15-2021
1892,119,,26.0,141.0,12-17-2021
1893,39,,26.0,141.0,12-18-2021
1894,33,,26.0,141.0,12-21-2021
1895,67,,26.0,141.0,12-24-2021
1896,24,,20.0,124.0,11-19-2020
1897,141,,20.0,124.0,02-09-2021
1898,39,,20.0,124.0,05-10-2021
1899,90,,20.0,124.0,05-31-2021
1900,16,,20.0,124.0,07-02-2021
1901,76,,20.0,124.0,07-22-2021
1902,14,,20.0,124.0,08-18-2021
1903,66,,20.0,124.0,08-31-2021
1904,55,,20.0,124.0,09-19-2021
1905,16,,20.0,124.0,10-09-2021
1906,46,,20.0,124.0,12-10-2021
1907,31,,20.0,124.0,12-17-2021
1908,74,,27.0,144.0,11-20-2020
1909,51,,27.0,144.0,02-19-2021
1910,11,,27.0,144.0,02-24-2021
1911,18,,27.0,144.0,04-18-2021
1912,66,,27.0,144.0,06-05-2021
1913,119,,27.0,144.0,06-22-2021
1914,59,,27.0,144.0,07-04-2021
1915,7,,27.0,144.0,08-17-2021
1916,50,,27.0,144.0,08-29-2021
1917,60,,27.0,144.0,09-10-2021
1918,23,,27.0,144.0,09-13-2021
1919,133,,27.0,144.0,09-30-2021
1920,108,,27.0,144.0,10-31-2021
1921,75,,27.0,144.0,12-12-2021
1922,63,,27.0,144.0,12-13-2021
1923,92,,27.0,144.0,12-15-2021
1924,22,,27.0,144.0,12-24-2021
1925,42,73.0,,,11-21-2020
1926,59,73.0,,,01-24-2021
1927,59,73.0,,,05-19-2021
1928,64,73.0,,,08-03-2021
1929,31,73.0,,,09-23-2021
1930,1,73.0,,,10-29-2021
1931,9,73.0,,,10-30-2021
1932,48,73.0,,,10-31-2021
1933,52,73.0,,,11-01-2021
1934,9,73.0,,,11-01-2021
1935,22,,31.0,156.0,11-23-2020
1936,24,,31.0,156.0,12-22-2020
1937,82,,31.0,156.0,12-23-2020
1938,4,,31.0,156.0,12-24-2020
1939,56,,31.0,156.0,01-12-2021
1940,36,,31.0,156.0,05-17-2021
1941,122,,31.0,156.0,05-18-2021
1942,39,,31.0,156.0,06-20-2021
1943,1,,31.0,156.0,06-23-2021
1944,25,,31.0,156.0,06-27-2021
1945,106,,31.0,156.0,07-13-2021
1946,21,,31.0,156.0,08-07-2021
1947,23,,31.0,156.0,09-18-2021
1948,130,,31.0,156.0,09-26-2021
1949,133,,31.0,156.0,09-30-2021
1950,21,,31.0,156.0,10-13-2021
1951,6,,31.0,156.0,10-15-2021
1952,48,,31.0,156.0,10-30-2021
1953,115,,31.0,156.0,11-03-2021
1954,13,,31.0,156.0,11-20-2021
1955,32,,31.0,156.0,11-22-2021
1956,22,,31.0,156.0,12-03-2021
1957,68,,31.0,156.0,12-05-2021
1958,75,,31.0,156.0,12-11-2021
1959,7,,31.0,156.0,12-20-2021
1960,16,,31.0,156.0,12-25-2021
1961,59,,31.0,156.0,12-26-2021
1962,92,,1.0,68.0,11-28-2020
1963,46,,1.0,68.0,05-29-2021
1964,123,,1.0,68.0,06-08-2021
1965,38,,1.0,68.0,07-14-2021
1966,12,,1.0,68.0,09-19-2021
1967,53,,1.0,68.0,11-23-2021
1968,141,,3.0,41.0,11-29-2020
1969,141,,3.0,41.0,03-20-2021
1970,26,,3.0,32.0,11-29-2020
1971,67,,3.0,32.0,10-08-2021
1972,16,,26.0,143.0,11-29-2020
1973,76,,26.0,143.0,03-15-2021
1974,51,,26.0,143.0,05-24-2021
1975,64,,26.0,143.0,06-12-2021
1976,38,,26.0,143.0,06-27-2021
1977,70,,26.0,143.0,07-06-2021
1978,73,,26.0,143.0,07-06-2021
1979,115,,26.0,143.0,08-25-2021
1980,60,,26.0,143.0,08-27-2021
1981,56,,26.0,143.0,09-29-2021
1982,142,,26.0,143.0,10-07-2021
1983,43,,26.0,143.0,10-28-2021
1984,67,,26.0,143.0,11-02-2021
1985,39,,26.0,143.0,11-11-2021
1986,133,,26.0,143.0,11-13-2021
1987,119,,26.0,143.0,11-23-2021
1988,33,,26.0,143.0,12-03-2021
1989,21,,26.0,143.0,12-03-2021
1990,44,,26.0,143.0,12-14-2021
1991,48,,4.0,54.0,11-30-2020
1992,73,,4.0,54.0,06-24-2021
1993,4,,4.0,54.0,07-13-2021
1994,142,,4.0,54.0,07-24-2021
1995,32,,4.0,54.0,10-09-2021
1996,68,,4.0,54.0,12-05-2021
1997,115,,6.0,83.0,12-03-2020
1998,61,,6.0,83.0,01-23-2021
1999,146,,6.0,83.0,02-18-2021
2000,93,,6.0,83.0,03-23-2021
2001,65,,6.0,83.0,03-25-2021
2002,65,,6.0,83.0,05-08-2021
2003,45,,6.0,83.0,06-30-2021
2004,16,,1.0,3.0,12-03-2020
2005,23,,1.0,3.0,06-09-2021
2006,36,,1.0,3.0,08-31-2021
2007,12,,1.0,3.0,10-03-2021
2008,130,,1.0,3.0,11-07-2021
2009,133,40.0,,,12-04-2020
2010,115,40.0,,,01-28-2021
2011,70,40.0,,,02-27-2021
2012,72,40.0,,,05-23-2021
2013,95,40.0,,,06-23-2021
2014,29,40.0,,,08-27-2021
2015,87,40.0,,,08-28-2021
2016,146,40.0,,,09-01-2021
2017,72,40.0,,,09-03-2021
2018,90,40.0,,,09-24-2021
2019,67,40.0,,,10-10-2021
2020,56,40.0,,,11-06-2021
2021,37,40.0,,,11-21-2021
2022,22,,2.0,16.0,12-05-2020
2023,43,,2.0,16.0,11-02-2021
2024,62,,4.0,62.0,12-07-2020
2025,16,,4.0,62.0,04-12-2021
2026,146,,4.0,62.0,06-26-2021
2027,32,,4.0,62.0,10-03-2021
2028,39,,4.0,62.0,12-05-2021
2029,22,,1.0,5.0,12-10-2020
2030,15,,1.0,5.0,06-04-2021
2031,77,,1.0,5.0,06-15-2021
2032,23,,1.0,5.0,08-01-2021
2033,12,,1.0,5.0,08-23-2021
2034,7,,1.0,5.0,11-01-2021
2035,36,,1.0,5.0,12-01-2021
2036,24,77.0,,,12-11-2020
2037,68,77.0,,,03-21-2021
2038,41,77.0,,,04-16-2021
2039,82,77.0,,,07-09-2021
2040,24,77.0,,,07-09-2021
2041,57,77.0,,,08-12-2021
2042,77,77.0,,,10-13-2021
2043,119,77.0,,,11-23-2021
2044,31,77.0,,,11-28-2021
2045,49,77.0,,,12-02-2021
2046,11,77.0,,,12-03-2021
2047,90,77.0,,,12-24-2021
2048,87,,12.0,100.0,12-12-2020
2049,52,,12.0,100.0,01-23-2021
2050,92,,12.0,100.0,01-27-2021
2051,4,,12.0,100.0,03-24-2021
2052,77,,12.0,100.0,04-04-2021
2053,17,,12.0,100.0,04-04-2021
2054,115,,12.0,100.0,04-18-2021
2055,54,,12.0,100.0,06-21-2021
2056,49,,12.0,100.0,07-07-2021
2057,51,,12.0,100.0,07-18-2021
2058,3,,12.0,100.0,08-14-2021
2059,60,,12.0,100.0,09-08-2021
2060,33,,12.0,100.0,10-31-2021
2061,44,,12.0,100.0,12-06-2021
2062,105,,12.0,100.0,12-09-2021
2063,106,,12.0,100.0,12-28-2021
2064,90,,10.0,95.0,12-12-2020
2065,15,,10.0,95.0,02-22-2021
2066,65,,10.0,95.0,04-21-2021
2067,22,,10.0,95.0,07-30-2021
2068,108,,10.0,95.0,09-18-2021
2069,33,,10.0,95.0,10-26-2021
2070,62,,10.0,95.0,11-17-2021
2071,44,,10.0,95.0,11-29-2021
2072,50,,10.0,95.0,04-17-2021
2073,5,,10.0,95.0,11-09-2021
2074,92,,10.0,95.0,12-08-2021
2075,61,,19.0,122.0,12-13-2020
2076,37,,19.0,122.0,12-23-2020
2077,52,,19.0,122.0,01-27-2021
2078,67,,19.0,122.0,01-30-2021
2079,26,,19.0,122.0,02-11-2021
2080,16,,19.0,122.0,02-27-2021
2081,19,,19.0,122.0,04-10-2021
2082,65,,19.0,122.0,05-26-2021
2083,68,,19.0,122.0,07-27-2021
2084,76,,19.0,122.0,09-20-2021
2085,23,,19.0,122.0,10-11-2021
2086,50,,19.0,122.0,10-15-2021
2087,66,,19.0,122.0,11-02-2021
2088,48,,19.0,122.0,11-21-2021
2089,49,,19.0,122.0,11-27-2021
2090,31,19.0,,,12-15-2020
2091,106,19.0,,,12-16-2020
2092,31,19.0,,,02-26-2021
2093,141,19.0,,,03-19-2021
2094,142,19.0,,,04-14-2021
2095,48,19.0,,,04-27-2021
2096,23,19.0,,,05-23-2021
2097,69,19.0,,,06-09-2021
2098,45,19.0,,,07-02-2021
2099,146,19.0,,,08-08-2021
2100,73,19.0,,,08-29-2021
2101,74,19.0,,,09-29-2021
2102,133,19.0,,,10-10-2021
2103,19,19.0,,,10-20-2021
2104,32,19.0,,,11-21-2021
2105,130,19.0,,,11-21-2021
2106,142,19.0,,,12-18-2021
2107,35,19.0,,,12-21-2021
2108,92,19.0,,,12-26-2021
2109,142,,4.0,55.0,12-15-2020
2110,48,,4.0,55.0,10-05-2021
2111,22,,4.0,55.0,11-15-2021
2112,55,,2.0,12.0,12-18-2020
2113,34,80.0,,,12-25-2020
2114,115,80.0,,,01-28-2021
2115,48,80.0,,,02-20-2021
2116,58,80.0,,,03-03-2021
2117,34,80.0,,,03-18-2021
2118,24,80.0,,,04-25-2021
2119,8,80.0,,,05-01-2021
2120,67,80.0,,,05-03-2021
2121,50,80.0,,,05-07-2021
2122,39,80.0,,,07-18-2021
2123,67,80.0,,,09-16-2021
2124,133,80.0,,,10-07-2021
2125,40,80.0,,,11-25-2021
2126,146,80.0,,,12-02-2021
2127,142,80.0,,,12-23-2021
2128,7,80.0,,,12-30-2021
2129,130,85.0,,,12-25-2020
2130,141,85.0,,,01-31-2021
2131,1,85.0,,,07-26-2021
2132,92,85.0,,,08-08-2021
2133,134,85.0,,,08-18-2021
2134,105,85.0,,,08-20-2021
2135,95,85.0,,,08-22-2021
2136,130,85.0,,,09-04-2021
2137,20,85.0,,,09-22-2021
2138,69,85.0,,,10-09-2021
2139,66,85.0,,,10-24-2021
2140,130,85.0,,,10-30-2021
2141,43,85.0,,,10-31-2021
2142,75,85.0,,,12-05-2021
2143,46,,18.0,119.0,12-25-2020
2144,141,,18.0,119.0,03-13-2021
2145,77,,18.0,119.0,03-28-2021
2146,12,,18.0,119.0,04-06-2021
2147,40,,18.0,119.0,04-25-2021
2148,36,,18.0,119.0,05-29-2021
2149,73,,18.0,119.0,06-09-2021
2150,106,,18.0,119.0,06-09-2021
2151,30,,18.0,119.0,06-21-2021
2152,62,,18.0,119.0,07-22-2021
2153,82,,18.0,119.0,08-30-2021
2154,141,,18.0,119.0,10-28-2021
2155,50,,18.0,119.0,11-10-2021
2156,134,,18.0,119.0,11-20-2021
2157,77,,14.0,105.0,12-25-2020
2158,119,,14.0,105.0,12-30-2020
2159,26,,14.0,105.0,02-07-2021
2160,68,,14.0,105.0,04-03-2021
2161,67,,14.0,105.0,04-27-2021
2162,66,,14.0,105.0,05-16-2021
2163,44,,14.0,105.0,06-09-2021
2164,58,,14.0,105.0,06-13-2021
2165,8,,14.0,105.0,06-17-2021
2166,3,,14.0,105.0,06-21-2021
2167,82,,14.0,105.0,07-04-2021
2168,18,,14.0,105.0,07-23-2021
2169,49,,14.0,105.0,08-08-2021
2170,87,,14.0,105.0,09-06-2021
2171,26,,14.0,105.0,09-27-2021
2172,30,,14.0,105.0,10-21-2021
2173,2,,14.0,105.0,10-23-2021
2174,142,,14.0,105.0,10-27-2021
2175,23,,14.0,105.0,11-12-2021
2176,59,,14.0,105.0,11-19-2021
2177,33,,14.0,105.0,11-26-2021
2178,44,,14.0,105.0,11-27-2021
2179,92,,14.0,105.0,12-10-2021
2180,119,,14.0,105.0,12-13-2021
2181,22,,14.0,105.0,12-20-2021
2182,97,,14.0,105.0,12-27-2021
2183,106,,14.0,105.0,12-27-2021
2184,73,,8.0,89.0,12-27-2020
2185,141,,8.0,89.0,01-21-2021
2186,119,,8.0,89.0,03-30-2021
2187,4,,8.0,89.0,04-01-2021
2188,90,,8.0,89.0,04-14-2021
2189,16,,8.0,89.0,05-08-2021
2190,27,,8.0,89.0,06-01-2021
2191,55,,8.0,89.0,07-04-2021
2192,52,,8.0,89.0,07-16-2021
2193,61,,8.0,89.0,07-31-2021
2194,146,,8.0,89.0,08-13-2021
2195,49,,8.0,89.0,08-21-2021
2196,60,,8.0,89.0,08-25-2021
2197,22,,8.0,89.0,09-03-2021
2198,73,,8.0,89.0,09-19-2021
2199,119,,8.0,89.0,10-10-2021
2200,12,,8.0,89.0,10-10-2021
2201,6,,8.0,89.0,10-22-2021
2202,17,,8.0,89.0,11-07-2021
2203,5,,8.0,89.0,11-27-2021
2204,66,,8.0,89.0,12-04-2021
2205,33,,8.0,89.0,12-19-2021
2206,22,,8.0,89.0,12-21-2021
2207,119,,8.0,89.0,12-27-2021
2208,106,,8.0,89.0,12-29-2021
2209,77,33.0,,,01-01-2021
2210,24,33.0,,,01-04-2021
2211,82,33.0,,,01-06-2021
2212,38,33.0,,,06-03-2021
2213,41,33.0,,,06-28-2021
2214,90,33.0,,,07-29-2021
2215,68,33.0,,,10-31-2021
2216,31,33.0,,,11-27-2021
2217,59,33.0,,,12-09-2021
2218,59,33.0,,,12-29-2021
2219,90,,2.0,21.0,01-03-2021
2220,77,,2.0,21.0,02-20-2021
2221,22,,2.0,21.0,09-23-2021
2222,36,,2.0,21.0,12-25-2021
2223,26,,27.0,146.0,01-04-2021
2224,51,,27.0,146.0,03-07-2021
2225,119,,27.0,146.0,04-16-2021
2226,23,,27.0,146.0,05-20-2021
2227,74,,27.0,146.0,07-09-2021
2228,4,,27.0,146.0,07-18-2021
2229,60,,27.0,146.0,07-25-2021
2230,59,,27.0,146.0,08-05-2021
2231,92,,27.0,146.0,08-09-2021
2232,66,,27.0,146.0,10-25-2021
2233,18,,27.0,146.0,10-31-2021
2234,7,,27.0,146.0,11-19-2021
2235,22,,27.0,146.0,11-27-2021
2236,15,,27.0,146.0,11-30-2021
2237,108,,27.0,146.0,12-01-2021
2238,75,,27.0,146.0,12-15-2021
2239,65,84.0,,,01-08-2021
2240,123,84.0,,,01-28-2021
2241,72,84.0,,,04-29-2021
2242,57,84.0,,,07-30-2021
2243,55,84.0,,,09-19-2021
2244,53,84.0,,,11-23-2021
2245,53,84.0,,,11-25-2021
2246,7,84.0,,,12-29-2021
2247,4,,8.0,87.0,01-15-2021
2248,16,,8.0,87.0,01-17-2021
2249,17,,8.0,87.0,03-31-2021
2250,61,,8.0,87.0,04-04-2021
2251,73,,8.0,87.0,04-12-2021
2252,90,,8.0,87.0,06-01-2021
2253,50,,8.0,87.0,07-15-2021
2254,27,,8.0,87.0,07-28-2021
2255,55,,8.0,87.0,07-29-2021
2256,52,,8.0,87.0,08-08-2021
2257,119,,8.0,87.0,08-15-2021
2258,66,,8.0,87.0,09-11-2021
2259,64,,8.0,87.0,09-18-2021
2260,60,,8.0,87.0,09-21-2021
2261,49,,8.0,87.0,10-08-2021
2262,22,,8.0,87.0,10-12-2021
2263,119,,8.0,87.0,10-13-2021
2264,146,,8.0,87.0,10-25-2021
2265,33,,8.0,87.0,10-27-2021
2266,5,,8.0,87.0,11-09-2021
2267,119,,8.0,87.0,12-05-2021
2268,22,,8.0,87.0,12-16-2021
2269,43,,8.0,87.0,12-20-2021
2270,73,,8.0,87.0,12-23-2021
2271,106,,8.0,87.0,12-29-2021
2272,14,,22.0,130.0,01-18-2021
2273,141,,22.0,130.0,01-27-2021
2274,46,,22.0,130.0,04-20-2021
2275,133,,22.0,130.0,07-28-2021
2276,4,,22.0,130.0,08-30-2021
2277,44,,22.0,130.0,09-03-2021
2278,11,,22.0,130.0,09-03-2021
2279,37,,22.0,130.0,10-17-2021
2280,52,,22.0,130.0,10-27-2021
2281,7,,22.0,130.0,12-24-2021
2282,47,,6.0,77.0,01-18-2021
2283,18,,6.0,77.0,03-27-2021
2284,115,,6.0,77.0,04-07-2021
2285,11,,6.0,77.0,05-05-2021
2286,54,,6.0,77.0,05-28-2021
2287,119,,6.0,77.0,06-08-2021
2288,22,,6.0,77.0,06-23-2021
2289,146,,6.0,77.0,07-31-2021
2290,133,,6.0,77.0,09-01-2021
2291,21,,6.0,77.0,10-20-2021
2292,142,,6.0,77.0,11-07-2021
2293,65,,6.0,77.0,11-18-2021
2294,62,,4.0,56.0,01-20-2021
2295,48,,4.0,56.0,03-29-2021
2296,39,,4.0,56.0,06-21-2021
2297,22,,4.0,56.0,11-19-2021
2298,68,,4.0,56.0,11-22-2021
2299,130,,4.0,56.0,12-24-2021
2300,50,,1.0,2.0,01-22-2021
2301,77,,1.0,2.0,07-05-2021
2302,46,,1.0,2.0,07-21-2021
2303,26,,1.0,2.0,08-05-2021
2304,90,,1.0,2.0,08-16-2021
2305,15,,1.0,2.0,08-30-2021
2306,23,,1.0,2.0,09-06-2021
2307,92,,1.0,4.0,01-23-2021
2308,38,,1.0,4.0,03-29-2021
2309,22,,1.0,4.0,04-11-2021
2310,77,,1.0,4.0,05-22-2021
2311,18,,1.0,4.0,06-28-2021
2312,49,,1.0,4.0,07-03-2021
2313,26,,1.0,4.0,07-20-2021
2314,21,,1.0,4.0,07-22-2021
2315,46,,1.0,4.0,07-23-2021
2316,12,,1.0,4.0,11-26-2021
2317,32,,20.0,123.0,01-28-2021
2318,115,,20.0,123.0,02-03-2021
2319,141,,20.0,123.0,02-10-2021
2320,46,,20.0,123.0,02-28-2021
2321,14,,20.0,123.0,04-07-2021
2322,76,,20.0,123.0,05-14-2021
2323,90,,20.0,123.0,06-04-2021
2324,66,,20.0,123.0,09-10-2021
2325,55,,20.0,123.0,09-13-2021
2326,16,,20.0,123.0,09-19-2021
2327,32,,20.0,123.0,11-20-2021
2328,24,,20.0,123.0,11-28-2021
2329,39,,20.0,123.0,11-30-2021
2330,16,,20.0,123.0,12-25-2021
2331,54,,20.0,123.0,12-27-2021
2332,31,,20.0,123.0,12-28-2021
2333,47,,7.0,86.0,01-29-2021
2334,119,,7.0,86.0,04-11-2021
2335,141,,7.0,86.0,04-18-2021
2336,35,,7.0,86.0,05-02-2021
2337,21,,7.0,86.0,05-15-2021
2338,108,,7.0,86.0,06-02-2021
2339,23,,7.0,86.0,06-30-2021
2340,41,,7.0,86.0,07-05-2021
2341,18,,7.0,86.0,07-20-2021
2342,36,,7.0,86.0,07-29-2021
2343,60,,7.0,86.0,08-03-2021
2344,4,,7.0,86.0,08-27-2021
2345,64,,7.0,86.0,08-28-2021
2346,40,,7.0,86.0,09-19-2021
2347,76,,7.0,86.0,09-19-2021
2348,44,,7.0,86.0,10-01-2021
2349,16,,7.0,86.0,10-07-2021
2350,8,,7.0,86.0,11-03-2021
2351,97,,7.0,86.0,11-13-2021
2352,108,,7.0,86.0,11-25-2021
2353,92,,7.0,86.0,12-13-2021
2354,75,,7.0,86.0,12-15-2021
2355,8,,7.0,86.0,12-21-2021
2356,49,,5.0,72.0,01-29-2021
2357,66,,5.0,72.0,09-13-2021
2358,67,,5.0,72.0,10-18-2021
2359,37,,5.0,72.0,11-13-2021
2360,40,,5.0,72.0,12-21-2021
2361,72,,5.0,72.0,07-07-2020
2362,77,,5.0,72.0,02-13-2021
2363,73,,5.0,72.0,02-07-2021
2364,119,,5.0,72.0,11-01-2020
2365,8,,5.0,72.0,11-03-2021
2366,46,,5.0,72.0,08-04-2020
2367,43,,5.0,72.0,09-27-2021
2368,132,,5.0,72.0,11-19-2021
2369,73,,5.0,71.0,01-30-2021
2370,54,,5.0,71.0,03-22-2021
2371,92,,5.0,71.0,04-29-2021
2372,67,,5.0,71.0,05-31-2021
2373,66,,5.0,71.0,10-24-2021
2374,37,,5.0,71.0,11-22-2021
2375,142,,5.0,71.0,12-16-2021
2376,72,,5.0,71.0,07-07-2020
2377,12,,5.0,71.0,08-12-2020
2378,13,,5.0,71.0,01-07-2021
2379,49,,5.0,71.0,06-30-2021
2380,8,,5.0,71.0,11-03-2021
2381,46,,5.0,71.0,08-04-2020
2382,132,,5.0,71.0,11-19-2021
2383,119,,5.0,71.0,11-01-2020
2384,6,9.0,,,01-30-2021
2385,65,9.0,,,02-26-2021
2386,122,9.0,,,10-17-2021
2387,7,9.0,,,11-17-2021
2388,53,9.0,,,11-25-2021
2389,115,9.0,,,12-04-2021
2390,49,,5.0,74.0,01-31-2021
2391,92,,5.0,74.0,05-06-2021
2392,43,,5.0,74.0,09-27-2021
2393,67,,5.0,74.0,10-11-2021
2394,40,,5.0,74.0,10-20-2021
2395,39,,5.0,74.0,12-08-2021
2396,46,,5.0,74.0,08-04-2020
2397,12,,5.0,74.0,08-12-2020
2398,50,,5.0,74.0,05-31-2021
2399,73,,5.0,74.0,02-07-2021
2400,49,,5.0,74.0,06-30-2021
2401,62,,4.0,59.0,02-02-2021
2402,8,,4.0,59.0,11-05-2021
2403,141,7.0,,,02-04-2021
2404,13,7.0,,,06-11-2021
2405,14,7.0,,,09-15-2021
2406,1,7.0,,,09-22-2021
2407,92,7.0,,,10-03-2021
2408,74,7.0,,,11-18-2021
2409,130,7.0,,,11-21-2021
2410,2,7.0,,,12-15-2021
2411,18,7.0,,,12-25-2021
2412,46,,20.0,125.0,02-06-2021
2413,76,,20.0,125.0,03-13-2021
2414,141,,20.0,125.0,04-17-2021
2415,32,,20.0,125.0,05-22-2021
2416,24,,20.0,125.0,06-19-2021
2417,90,,20.0,125.0,07-12-2021
2418,39,,20.0,125.0,08-24-2021
2419,55,,20.0,125.0,08-31-2021
2420,66,,20.0,125.0,09-21-2021
2421,16,,20.0,125.0,10-29-2021
2422,31,,20.0,125.0,11-28-2021
2423,16,,20.0,125.0,12-26-2021
2424,55,29.0,,,02-06-2021
2425,12,29.0,,,09-27-2021
2426,132,29.0,,,11-23-2021
2427,21,,1.0,67.0,02-09-2021
2428,16,,1.0,67.0,03-19-2021
2429,50,,1.0,67.0,07-22-2021
2430,77,,1.0,67.0,09-24-2021
2431,23,,1.0,67.0,10-14-2021
2432,36,,1.0,67.0,10-22-2021
2433,25,,1.0,67.0,12-09-2021
2434,90,,1.0,67.0,12-19-2021
2435,146,,4.0,63.0,02-14-2021
2436,62,,4.0,63.0,07-18-2021
2437,68,,4.0,63.0,10-08-2021
2438,35,,2.0,7.0,02-19-2021
2439,77,,2.0,7.0,04-04-2021
2440,36,,2.0,7.0,11-09-2021
2441,28,101.0,,,02-25-2021
2442,97,101.0,,,03-31-2021
2443,62,101.0,,,08-15-2021
2444,56,101.0,,,08-19-2021
2445,2,101.0,,,09-13-2021
2446,80,101.0,,,09-21-2021
2447,16,101.0,,,09-26-2021
2448,142,101.0,,,09-30-2021
2449,3,101.0,,,10-17-2021
2450,97,101.0,,,10-18-2021
2451,87,101.0,,,11-10-2021
2452,57,101.0,,,11-21-2021
2453,72,101.0,,,12-04-2021
2454,108,101.0,,,12-14-2021
2455,16,,3.0,45.0,02-27-2021
2456,82,34.0,,,02-27-2021
2457,45,34.0,,,03-13-2021
2458,18,34.0,,,04-20-2021
2459,13,34.0,,,09-29-2021
2460,15,34.0,,,10-06-2021
2461,31,34.0,,,12-09-2021
2462,52,,19.0,121.0,03-02-2021
2463,49,,19.0,121.0,05-13-2021
2464,48,,19.0,121.0,06-13-2021
2465,66,,19.0,121.0,08-12-2021
2466,76,,19.0,121.0,08-13-2021
2467,23,,19.0,121.0,08-19-2021
2468,19,,19.0,121.0,08-29-2021
2469,92,,19.0,121.0,09-07-2021
2470,61,,19.0,121.0,10-01-2021
2471,65,,19.0,121.0,12-03-2021
2472,141,,19.0,121.0,12-19-2021
2473,4,26.0,,,03-04-2021
2474,41,26.0,,,05-03-2021
2475,4,26.0,,,05-18-2021
2476,25,26.0,,,06-23-2021
2477,106,26.0,,,07-13-2021
2478,122,26.0,,,07-21-2021
2479,17,26.0,,,08-04-2021
2480,60,26.0,,,08-28-2021
2481,41,26.0,,,08-30-2021
2482,11,26.0,,,09-09-2021
2483,44,26.0,,,09-17-2021
2484,105,26.0,,,11-09-2021
2485,30,26.0,,,12-19-2021
2486,122,26.0,,,12-27-2021
2487,11,,6.0,76.0,03-04-2021
2488,61,,6.0,76.0,04-04-2021
2489,54,,6.0,76.0,06-15-2021
2490,45,,6.0,76.0,07-31-2021
2491,65,,6.0,76.0,09-08-2021
2492,133,,6.0,76.0,09-08-2021
2493,63,,2.0,23.0,03-07-2021
2494,132,,2.0,23.0,08-24-2021
2495,90,,2.0,23.0,10-06-2021
2496,70,,2.0,6.0,03-14-2021
2497,77,,2.0,6.0,06-23-2021
2498,132,,2.0,6.0,10-15-2021
2499,22,,2.0,11.0,03-16-2021
2500,22,,2.0,20.0,03-17-2021
2501,45,,2.0,20.0,05-22-2021
2502,43,,2.0,20.0,11-21-2021
2503,38,,3.0,48.0,03-18-2021
2504,39,,3.0,48.0,04-14-2021
2505,115,,3.0,48.0,05-09-2021
2506,73,,3.0,48.0,07-07-2021
2507,16,,3.0,48.0,10-22-2021
2508,141,,3.0,37.0,03-20-2021
2509,39,,3.0,37.0,04-08-2021
2510,38,,3.0,37.0,08-03-2021
2511,67,,3.0,37.0,09-01-2021
2512,132,,3.0,37.0,10-15-2021
2513,73,,3.0,37.0,12-09-2021
2514,70,,24.0,136.0,03-20-2021
2515,90,,24.0,136.0,04-16-2021
2516,34,,24.0,136.0,05-11-2021
2517,9,,24.0,136.0,05-27-2021
2518,43,,24.0,136.0,06-03-2021
2519,16,,24.0,136.0,07-15-2021
2520,134,,24.0,136.0,08-13-2021
2521,82,,24.0,136.0,08-30-2021
2522,69,,24.0,136.0,09-05-2021
2523,70,,24.0,136.0,10-20-2021
2524,54,,24.0,136.0,12-03-2021
2525,132,,24.0,136.0,12-26-2021
2526,38,44.0,,,03-22-2021
2527,5,44.0,,,04-19-2021
2528,5,44.0,,,05-31-2021
2529,48,44.0,,,07-31-2021
2530,31,44.0,,,08-20-2021
2531,9,44.0,,,11-01-2021
2532,122,61.0,,,03-24-2021
2533,51,61.0,,,07-11-2021
2534,30,61.0,,,10-04-2021
2535,68,61.0,,,10-22-2021
2536,22,61.0,,,11-13-2021
2537,17,61.0,,,06-25-2020
2538,105,61.0,,,02-14-2021
2539,119,61.0,,,03-31-2021
2540,22,,10.0,93.0,03-30-2021
2541,90,,10.0,93.0,05-06-2021
2542,62,,10.0,93.0,07-25-2021
2543,65,,10.0,93.0,07-30-2021
2544,7,,10.0,93.0,08-27-2021
2545,44,,10.0,93.0,10-06-2021
2546,49,,10.0,93.0,10-16-2021
2547,108,,10.0,93.0,10-18-2021
2548,33,,10.0,93.0,11-19-2021
2549,93,,10.0,93.0,03-06-2021
2550,63,,10.0,93.0,10-13-2020
2551,50,,10.0,93.0,04-17-2021
2552,5,,10.0,93.0,11-09-2021
2553,92,,10.0,93.0,12-08-2021
2554,146,,4.0,60.0,04-11-2021
2555,106,,4.0,60.0,06-18-2021
2556,142,,4.0,60.0,07-15-2021
2557,23,,4.0,60.0,11-11-2021
2558,130,,4.0,60.0,11-25-2021
2559,22,,4.0,60.0,11-27-2021
2560,22,,4.0,60.0,12-29-2021
2561,36,49.0,,,04-12-2021
2562,35,49.0,,,06-21-2021
2563,2,49.0,,,08-22-2021
2564,70,49.0,,,09-01-2021
2565,45,49.0,,,09-25-2021
2566,133,49.0,,,10-04-2021
2567,45,49.0,,,10-07-2021
2568,48,49.0,,,11-20-2021
2569,142,49.0,,,12-14-2021
2570,146,49.0,,,12-26-2021
2571,142,49.0,,,12-30-2021
2572,54,,5.0,75.0,04-14-2021
2573,66,,5.0,75.0,09-03-2021
2574,37,,5.0,75.0,11-11-2021
2575,142,,5.0,75.0,11-28-2021
2576,44,,5.0,75.0,12-18-2021
2577,2,,5.0,75.0,06-11-2020
2578,72,,5.0,75.0,07-07-2020
2579,12,,5.0,75.0,08-12-2020
2580,77,,5.0,75.0,02-13-2021
2581,43,,5.0,75.0,09-27-2021
2582,8,,5.0,75.0,11-03-2021
2583,132,,5.0,75.0,11-19-2021
2584,46,,5.0,75.0,08-04-2020
2585,15,,10.0,94.0,04-21-2021
2586,65,,10.0,94.0,06-08-2021
2587,62,,10.0,94.0,06-30-2021
2588,49,,10.0,94.0,09-17-2021
2589,44,,10.0,94.0,10-21-2021
2590,7,,10.0,94.0,11-13-2021
2591,59,,10.0,94.0,12-04-2021
2592,92,,10.0,94.0,12-08-2021
2593,93,,10.0,94.0,03-06-2021
2594,50,,10.0,94.0,04-17-2021
2595,5,,10.0,94.0,11-09-2021
2596,108,,4.0,64.0,05-08-2021
2597,23,,4.0,64.0,09-07-2021
2598,23,,4.0,64.0,11-20-2021
2599,23,,4.0,57.0,05-12-2021
2600,18,,6.0,80.0,05-15-2021
2601,6,,6.0,80.0,07-14-2021
2602,133,,6.0,80.0,08-24-2021
2603,45,,6.0,80.0,08-30-2021
2604,119,,6.0,80.0,10-16-2021
2605,65,,6.0,80.0,10-18-2021
2606,65,,6.0,80.0,12-26-2021
2607,49,,5.0,70.0,05-19-2021
2608,40,,5.0,70.0,06-02-2021
2609,67,,5.0,70.0,10-23-2021
2610,8,,5.0,70.0,11-03-2021
2611,37,,5.0,70.0,11-21-2021
2612,72,,5.0,70.0,07-07-2020
2613,12,,5.0,70.0,08-12-2020
2614,49,,5.0,70.0,06-30-2021
2615,119,,5.0,70.0,11-01-2020
2616,132,,5.0,70.0,11-19-2021
2617,73,,5.0,70.0,02-07-2021
2618,64,59.0,,,05-22-2021
2619,43,59.0,,,10-26-2021
2620,132,59.0,,,12-09-2021
2621,90,59.0,,,12-15-2021
2622,132,59.0,,,12-21-2021
2623,37,76.0,,,05-24-2021
2624,2,76.0,,,07-24-2021
2625,82,76.0,,,08-18-2021
2626,55,76.0,,,09-05-2021
2627,10,76.0,,,09-13-2021
2628,67,76.0,,,09-24-2021
2629,59,76.0,,,12-11-2021
2630,15,,1.0,1.0,05-26-2021
2631,53,,1.0,1.0,11-24-2021
2632,25,,1.0,1.0,12-03-2021
2633,70,,2.0,14.0,05-28-2021
2634,30,,2.0,14.0,06-11-2021
2635,106,,4.0,53.0,06-11-2021
2636,23,,4.0,53.0,12-24-2021
2637,30,,2.0,27.0,06-13-2021
2638,36,,2.0,27.0,07-08-2021
2639,54,,2.0,27.0,08-01-2021
2640,63,,2.0,27.0,08-27-2021
2641,55,,2.0,27.0,10-03-2021
2642,38,,1.0,65.0,06-22-2021
2643,7,,1.0,65.0,11-20-2021
2644,53,,1.0,65.0,11-23-2021
2645,97,41.0,,,07-01-2021
2646,130,41.0,,,07-26-2021
2647,27,41.0,,,07-26-2021
2648,87,41.0,,,08-01-2021
2649,62,,2.0,29.0,07-02-2021
2650,70,,2.0,29.0,12-11-2021
2651,108,14.0,,,07-17-2021
2652,50,14.0,,,08-02-2021
2653,24,14.0,,,08-02-2021
2654,132,,2.0,24.0,07-23-2021
2655,70,,2.0,24.0,08-22-2021
2656,62,,2.0,15.0,08-12-2021
2657,54,,2.0,28.0,08-21-2021
2658,22,,2.0,26.0,08-21-2021
2659,115,,3.0,42.0,08-24-2021
2660,13,,3.0,42.0,11-20-2021
2661,14,,3.0,42.0,11-22-2021
2662,142,,4.0,51.0,09-13-2021
2663,39,,4.0,51.0,11-13-2021
2664,23,,4.0,51.0,12-28-2021
2665,55,,2.0,22.0,09-16-2021
2666,97,,2.0,22.0,12-29-2021
2667,55,,2.0,9.0,09-21-2021
2668,97,,2.0,9.0,11-27-2021
2669,14,,2.0,9.0,12-13-2021
2670,43,,2.0,9.0,12-27-2021
2671,130,52.0,,,10-18-2021
2672,9,30.0,,,11-07-2021
2673,52,30.0,,,11-21-2021
2674,33,30.0,,,09-22-2021
2675,43,,2.0,30.0,11-12-2021
2676,62,11.0,,,12-22-2021
2677,46,27.0,,,05-27-2020
2678,55,27.0,,,06-13-2020
2679,12,27.0,,,08-06-2020
2680,13,27.0,,,03-10-2021
2681,132,27.0,,,04-22-2021
2682,2,27.0,,,08-06-2021
