id_hc,id_usuario,cid,fecha,sid
0,33,142,2021-12-29,26
1,67,142,2021-12-24,26
2,16,142,2021-04-07,26
3,4,142,2021-02-21,26
4,60,142,2021-08-26,26
5,73,142,2021-12-13,26
6,76,142,2020-10-17,26
7,21,142,2020-09-28,26
8,64,142,2021-06-29,26
9,56,142,2021-10-23,26
10,119,142,2021-11-27,26
11,133,142,2021-09-21,26
12,70,142,2021-12-18,26
13,38,142,2021-02-23,26
14,115,142,2021-08-27,26
15,51,142,2021-05-19,26
16,39,142,2021-12-26,26
17,119,87,2021-10-13,8
18,146,87,2021-10-25,8
19,55,87,2021-07-29,8
20,27,87,2021-07-28,8
21,119,87,2021-08-15,8
22,60,87,2021-09-21,8
23,66,87,2021-09-11,8
24,4,87,2021-01-15,8
25,17,87,2021-03-31,8
26,22,87,2021-12-16,8
27,49,87,2021-10-08,8
28,64,87,2021-09-18,8
29,119,87,2021-12-05,8
30,73,87,2021-12-23,8
31,22,87,2021-10-12,8
32,61,87,2021-04-04,8
33,52,87,2021-08-08,8
34,73,87,2021-04-12,8
35,33,87,2021-10-27,8
36,16,87,2021-01-17,8
37,90,87,2021-06-01,8
38,5,87,2021-11-09,8
39,43,87,2021-12-20,8
40,50,87,2021-07-15,8
41,106,87,2021-12-29,8
42,5,89,2021-11-27,8
43,73,89,2020-12-27,8
44,52,89,2021-07-16,8
45,61,89,2021-07-31,8
46,60,89,2021-08-25,8
47,55,89,2021-07-04,8
48,49,89,2021-08-21,8
49,17,89,2021-11-07,8
50,6,89,2021-10-22,8
51,16,89,2021-05-08,8
52,119,89,2021-12-27,8
53,33,89,2021-12-19,8
54,90,89,2021-04-14,8
55,141,89,2021-01-21,8
56,66,89,2021-12-04,8
57,27,89,2021-06-01,8
58,4,89,2021-04-01,8
59,22,89,2021-12-21,8
60,106,89,2021-12-29,8
61,119,89,2021-10-10,8
62,22,89,2021-09-03,8
63,119,89,2021-03-30,8
64,73,89,2021-09-19,8
65,146,89,2021-08-13,8
66,12,89,2021-10-10,8
67,115,157,2021-05-18,31
68,13,157,2021-10-16,31
69,75,157,2021-12-15,31
70,6,157,2020-08-26,31
71,22,157,2021-12-07,31
72,122,157,2021-05-04,31
73,21,157,2021-06-24,31
74,39,157,2021-04-25,31
75,22,157,2021-11-03,31
76,36,157,2021-09-01,31
77,59,157,2021-12-01,31
78,21,157,2021-05-11,31
79,4,157,2021-02-06,31
80,1,157,2021-11-13,31
81,56,157,2021-01-03,31
82,32,157,2021-07-08,31
83,48,157,2021-03-18,31
84,7,157,2021-12-21,31
85,68,157,2021-08-24,31
86,133,157,2021-10-03,31
87,25,157,2021-02-04,31
88,130,157,2021-09-24,31
89,24,157,2021-12-09,31
90,16,157,2021-06-19,31
91,106,157,2021-07-09,31
92,22,93,2021-03-30,10
93,93,93,2021-07-01,10
94,5,93,2021-11-17,10
95,50,93,2021-09-20,10
96,108,93,2021-10-18,10
97,63,93,2021-09-12,10
98,92,93,2021-12-09,10
99,33,93,2021-11-19,10
100,7,93,2021-08-27,10
101,65,93,2021-07-30,10
102,90,93,2021-05-06,10
103,44,93,2021-10-06,10
104,62,93,2021-07-25,10
105,49,93,2021-10-16,10
106,26,35,2020-10-03,3
107,90,35,2021-09-05,3
108,14,35,2021-11-17,3
109,74,35,2021-07-09,3
110,41,35,2021-11-01,3
111,58,35,2021-09-05,3
112,73,35,2021-09-11,3
113,75,109,2021-12-15,15
114,49,109,2021-08-17,15
115,90,109,2021-02-20,15
116,37,109,2021-09-20,15
117,24,109,2021-08-21,15
118,35,109,2021-07-01,15
119,61,109,2021-03-06,15
120,66,109,2021-08-16,15
121,76,109,2021-08-05,15
122,63,109,2020-10-19,15
123,70,109,2021-07-19,15
124,14,109,2021-10-29,15
125,73,109,2021-09-25,15
126,18,109,2021-03-27,15
127,23,109,2021-08-19,15
128,23,109,2021-01-27,15
129,3,99,2021-06-02,12
130,52,99,2021-06-17,12
131,146,99,2021-06-08,12
132,56,99,2021-10-22,12
133,119,99,2021-11-28,12
134,44,99,2021-08-13,12
135,54,99,2021-05-01,12
136,33,99,2021-01-25,12
137,105,99,2021-10-21,12
138,51,99,2021-03-17,12
139,106,99,2021-12-15,12
140,60,99,2021-08-01,12
141,49,99,2020-06-08,12
142,92,99,2020-11-05,12
143,115,99,2021-03-02,12
144,66,99,2021-12-14,12
145,87,99,2021-10-12,12
146,15,99,2021-05-30,12
147,17,99,2020-08-22,12
148,141,121,2021-12-19,19
149,61,121,2021-10-01,19
150,65,121,2021-12-03,19
151,76,121,2021-08-13,19
152,19,121,2021-08-29,19
153,52,121,2021-03-02,19
154,48,121,2021-06-13,19
155,92,121,2021-09-07,19
156,23,121,2021-08-19,19
157,49,121,2021-05-13,19
158,66,121,2021-08-12,19
159,141,123,2021-02-10,20
160,46,123,2021-02-28,20
161,39,123,2021-11-30,20
162,32,123,2021-01-28,20
163,31,123,2021-12-28,20
164,115,123,2021-02-03,20
165,76,123,2021-05-14,20
166,66,123,2021-09-10,20
167,16,123,2021-09-19,20
168,24,123,2021-11-28,20
169,55,123,2021-09-13,20
170,90,123,2021-06-04,20
171,14,123,2021-04-07,20
172,32,123,2021-11-20,20
173,16,123,2021-12-25,20
174,54,123,2021-12-27,20
175,37,130,2021-10-17,22
176,44,130,2021-09-03,22
177,11,130,2021-09-03,22
178,46,130,2021-04-20,22
179,141,130,2021-01-27,22
180,4,130,2021-08-30,22
181,52,130,2021-10-27,22
182,7,130,2021-12-24,22
183,14,130,2021-01-18,22
184,133,130,2021-07-28,22
185,141,92,2021-10-12,9
186,97,92,2021-06-22,9
187,115,92,2021-07-03,9
188,4,92,2021-07-07,9
189,31,92,2020-10-09,9
190,16,92,2021-12-07,9
191,8,92,2021-11-05,9
192,51,92,2021-01-28,9
193,34,92,2021-03-17,9
194,61,92,2021-06-11,9
195,146,92,2020-07-13,9
196,115,92,2021-03-14,9
197,29,92,2021-07-15,9
198,57,92,2020-07-30,9
199,12,92,2021-08-06,9
200,26,92,2021-06-06,9
201,76,92,2021-08-12,9
202,122,92,2021-12-06,9
203,142,92,2021-06-04,9
204,57,92,2021-06-29,9
205,75,92,2020-09-08,9
206,48,92,2021-04-15,9
207,21,92,2021-06-19,9
208,61,92,2021-04-20,9
209,28,92,2021-09-27,9
210,39,92,2021-12-17,9
211,59,92,2020-09-16,9
212,45,92,2020-05-16,9
213,72,103,2021-09-10,13
214,3,103,2021-10-23,13
215,14,103,2021-12-24,13
216,19,103,2020-10-01,13
217,43,103,2021-10-14,13
218,106,103,2021-07-16,13
219,31,103,2021-12-13,13
220,119,103,2021-08-02,13
221,108,103,2021-06-25,13
222,46,103,2021-08-08,13
223,26,103,2021-08-01,13
224,4,103,2021-08-27,13
225,54,103,2021-07-15,13
226,65,103,2021-07-15,13
227,106,103,2021-12-23,13
228,75,103,2021-12-13,13
229,36,103,2021-12-17,13
230,73,103,2021-10-05,13
231,44,103,2021-10-21,13
232,142,103,2021-02-12,13
233,50,103,2020-12-27,13
234,36,103,2021-10-21,13
235,68,103,2021-12-06,13
236,123,103,2021-11-23,13
237,97,103,2021-05-10,13
238,16,103,2020-10-07,13
239,2,106,2020-09-20,14
240,44,106,2021-10-19,14
241,97,106,2021-10-13,14
242,33,106,2021-12-01,14
243,23,106,2021-12-28,14
244,62,106,2021-03-30,14
245,59,106,2021-11-05,14
246,10,106,2021-06-24,14
247,18,106,2021-12-03,14
248,77,106,2021-12-14,14
249,8,106,2021-10-21,14
250,82,106,2021-07-16,14
251,119,106,2021-12-21,14
252,68,106,2021-12-02,14
253,22,106,2021-12-04,14
254,30,106,2021-10-12,14
255,106,106,2021-12-14,14
256,44,106,2021-10-22,14
257,87,106,2021-06-11,14
258,17,106,2021-01-22,14
259,58,106,2021-10-31,14
260,16,106,2021-04-28,14
261,26,106,2021-12-17,14
262,142,106,2021-09-06,14
263,66,106,2021-11-10,14
264,92,106,2021-12-13,14
265,106,106,2021-12-25,14
266,26,106,2021-02-19,14
267,119,106,2020-08-10,14
268,55,124,2021-09-19,20
269,39,124,2021-05-10,20
270,76,124,2021-07-22,20
271,141,124,2021-02-09,20
272,16,124,2021-07-02,20
273,90,124,2021-05-31,20
274,24,124,2020-11-19,20
275,66,124,2021-08-31,20
276,16,124,2021-10-09,20
277,46,124,2021-12-10,20
278,14,124,2021-08-18,20
279,31,124,2021-12-17,20
280,8,128,2021-11-06,21
281,18,128,2020-12-07,21
282,40,128,2021-06-07,21
283,39,128,2021-11-22,21
284,122,128,2021-10-30,21
285,23,128,2020-09-16,21
286,14,128,2020-09-26,21
287,2,128,2020-07-05,21
288,66,128,2021-09-02,21
289,115,128,2021-05-19,21
290,52,128,2021-09-13,21
291,25,128,2021-04-22,21
292,12,128,2020-11-30,21
293,61,128,2021-09-22,21
294,4,128,2021-08-14,21
295,47,140,2021-04-17,25
296,82,140,2021-09-03,25
297,15,140,2020-11-14,25
298,40,140,2021-03-26,25
299,40,140,2021-12-12,25
300,66,140,2021-08-13,25
301,8,140,2021-12-13,25
302,1,140,2020-10-30,25
303,52,140,2021-08-07,25
304,49,140,2021-09-19,25
305,73,140,2021-07-28,25
306,22,140,2021-11-28,25
307,122,140,2021-07-18,25
308,23,140,2021-11-18,25
309,115,140,2021-10-10,25
310,22,140,2021-05-01,25
311,7,140,2021-10-21,25
312,43,140,2021-01-30,25
313,142,140,2020-12-26,25
314,133,140,2021-09-20,25
315,90,140,2021-09-05,25
316,22,115,2021-12-11,17
317,43,115,2021-10-06,17
318,56,115,2020-12-07,17
319,14,115,2021-09-28,17
320,73,115,2021-06-01,17
321,32,115,2021-12-26,17
322,106,115,2021-12-19,17
323,92,115,2020-10-18,17
324,25,115,2021-03-10,17
325,17,115,2021-09-04,17
326,142,115,2021-07-06,17
327,41,115,2021-11-07,17
328,63,115,2021-02-13,17
329,54,115,2021-06-29,17
330,76,115,2021-09-12,17
331,123,115,2021-03-19,17
332,45,115,2021-08-19,17
333,92,115,2021-09-25,17
334,28,115,2021-07-12,17
335,73,115,2021-03-28,17
336,36,115,2020-10-18,17
337,134,115,2021-09-16,17
338,51,144,2021-02-19,27
339,75,144,2021-12-12,27
340,11,144,2021-02-24,27
341,59,144,2021-07-04,27
342,50,144,2021-08-29,27
343,108,144,2021-10-31,27
344,22,144,2021-12-24,27
345,23,144,2021-09-13,27
346,119,144,2021-06-22,27
347,66,144,2021-06-05,27
348,74,144,2020-11-20,27
349,133,144,2021-09-30,27
350,63,144,2021-12-13,27
351,60,144,2021-09-10,27
352,7,144,2021-08-17,27
353,18,144,2021-04-18,27
354,92,144,2021-12-15,27
355,119,132,2021-12-12,23
356,97,132,2021-10-16,23
357,40,132,2021-08-11,23
358,74,132,2021-06-16,23
359,22,132,2021-12-01,23
360,28,132,2021-12-03,23
361,46,132,2021-12-29,23
362,54,132,2021-03-28,23
363,13,132,2021-09-02,23
364,46,132,2020-07-29,23
365,3,132,2021-09-21,23
366,71,132,2021-05-01,23
367,10,132,2021-06-27,23
368,59,132,2021-07-19,23
369,58,132,2021-07-25,23
370,45,132,2020-08-02,23
371,37,132,2021-09-11,23
372,77,132,2021-11-25,23
373,64,132,2021-04-08,23
374,105,132,2020-10-06,23
375,119,132,2021-11-15,23
376,30,132,2021-06-09,23
377,75,132,2020-12-25,23
378,61,132,2021-04-28,23
379,21,137,2020-11-11,24
380,70,137,2021-09-09,24
381,132,137,2021-12-03,24
382,134,137,2021-11-23,24
383,9,137,2020-05-31,24
384,16,137,2021-10-21,24
385,54,137,2021-11-30,24
386,146,137,2021-11-04,24
387,141,137,2020-08-17,24
388,34,137,2021-02-06,24
389,43,137,2021-01-10,24
390,70,137,2021-10-23,24
391,95,137,2021-04-06,24
392,108,137,2021-08-27,24
393,28,137,2021-06-26,24
394,82,137,2021-08-30,24
395,69,137,2021-12-13,24
396,90,137,2021-11-14,24
397,37,137,2021-02-15,24
398,16,45,2021-02-27,3
399,19,102,2020-07-30,13
400,72,102,2021-12-24,13
401,54,102,2021-03-22,13
402,3,102,2021-07-15,13
403,142,102,2021-04-09,13
404,36,102,2021-12-01,13
405,106,102,2021-12-27,13
406,119,102,2021-08-24,13
407,36,102,2020-08-24,13
408,54,102,2021-08-02,13
409,26,102,2021-08-02,13
410,16,102,2020-11-13,13
411,75,102,2021-12-14,13
412,40,102,2021-09-22,13
413,119,102,2021-08-02,13
414,97,102,2021-10-04,13
415,65,102,2021-06-06,13
416,46,102,2021-09-19,13
417,106,102,2021-07-23,13
418,4,102,2021-08-08,13
419,73,102,2021-06-22,13
420,43,102,2021-10-03,13
421,68,102,2021-10-01,13
422,108,102,2021-09-17,13
423,44,102,2021-09-24,13
424,14,102,2021-09-02,13
425,50,102,2020-08-25,13
426,31,102,2021-12-25,13
427,123,102,2021-12-11,13
428,23,110,2021-03-03,15
429,44,110,2021-11-10,15
430,35,110,2021-08-27,15
431,14,110,2021-12-01,15
432,61,110,2020-12-21,15
433,133,110,2021-10-11,15
434,37,110,2021-03-26,15
435,90,110,2021-04-28,15
436,23,110,2021-08-16,15
437,36,110,2020-06-20,15
438,73,110,2021-10-07,15
439,75,110,2021-12-12,15
440,46,110,2021-11-27,15
441,63,110,2020-12-04,15
442,24,110,2021-12-11,15
443,66,110,2021-12-23,15
444,76,110,2021-07-23,15
445,49,110,2021-10-11,15
446,57,110,2020-07-15,15
447,40,85,2021-07-20,7
448,36,85,2021-10-12,7
449,21,85,2020-07-03,7
450,15,85,2021-06-17,7
451,41,85,2021-04-15,7
452,60,85,2021-08-11,7
453,8,85,2021-11-03,7
454,64,85,2021-10-09,7
455,4,85,2021-05-21,7
456,108,85,2021-07-20,7
457,106,85,2021-06-19,7
458,92,85,2021-12-13,7
459,97,85,2021-08-16,7
460,18,85,2020-10-20,7
461,18,85,2021-06-27,7
462,141,85,2020-05-06,7
463,35,85,2021-12-15,7
464,59,85,2021-07-11,7
465,47,85,2020-10-16,7
466,23,85,2021-08-21,7
467,16,85,2021-10-26,7
468,119,85,2021-10-12,7
469,76,85,2021-09-18,7
470,75,85,2021-12-15,7
471,119,72,2021-10-22,5
472,132,72,2021-12-14,5
473,49,72,2021-01-29,5
474,77,72,2021-05-13,5
475,43,72,2021-12-07,5
476,46,72,2021-12-06,5
477,66,72,2021-09-13,5
478,37,72,2021-11-13,5
479,67,72,2021-10-18,5
480,73,72,2021-07-14,5
481,72,72,2020-07-30,5
482,40,72,2021-12-21,5
483,8,72,2021-11-06,5
484,134,154,2021-10-17,30
485,30,154,2021-07-25,30
486,70,154,2021-09-10,30
487,23,154,2021-12-17,30
488,25,154,2021-10-27,30
489,93,154,2021-11-11,30
490,8,154,2021-11-03,30
491,64,154,2021-07-11,30
492,51,154,2020-11-02,30
493,7,154,2021-12-18,30
494,134,154,2021-11-15,30
495,26,154,2021-01-31,30
496,45,154,2020-10-29,30
497,34,154,2021-08-13,30
498,92,154,2020-07-21,30
499,44,154,2021-09-30,30
500,13,156,2021-11-20,31
501,23,156,2021-09-18,31
502,75,156,2021-12-11,31
503,24,156,2020-12-22,31
504,25,156,2021-06-27,31
505,21,156,2021-10-13,31
506,115,156,2021-11-03,31
507,4,156,2020-12-24,31
508,7,156,2021-12-20,31
509,22,156,2020-11-23,31
510,68,156,2021-12-05,31
511,21,156,2021-08-07,31
512,56,156,2021-01-12,31
513,59,156,2021-12-26,31
514,122,156,2021-05-18,31
515,16,156,2021-12-25,31
516,39,156,2021-06-20,31
517,133,156,2021-09-30,31
518,82,156,2020-12-23,31
519,130,156,2021-09-26,31
520,22,156,2021-12-03,31
521,36,156,2021-05-17,31
522,48,156,2021-10-30,31
523,106,156,2021-07-13,31
524,1,156,2021-06-23,31
525,6,156,2021-10-15,31
526,32,156,2021-11-22,31
527,132,148,2021-11-21,28
528,55,148,2020-12-18,28
529,70,148,2021-06-27,28
530,97,148,2021-04-04,28
531,60,148,2021-07-18,28
532,141,148,2021-03-11,28
533,90,148,2020-12-15,28
534,106,148,2020-11-14,28
535,3,148,2020-10-29,28
536,142,148,2021-12-25,28
537,26,148,2021-10-08,28
538,4,148,2021-08-16,28
539,64,148,2021-07-08,28
540,87,148,2020-09-28,28
541,49,148,2020-10-01,28
542,12,148,2021-04-24,28
543,31,148,2020-10-05,28
544,46,133,2021-12-21,23
545,3,133,2021-07-29,23
546,45,133,2020-12-09,23
547,119,133,2021-12-19,23
548,14,133,2021-08-12,23
549,75,133,2020-12-24,23
550,74,133,2020-12-24,23
551,40,133,2021-04-03,23
552,71,133,2021-04-06,23
553,105,133,2021-07-29,23
554,13,133,2021-12-03,23
555,64,133,2021-06-05,23
556,77,133,2021-03-11,23
557,10,133,2021-01-07,23
558,37,133,2021-08-19,23
559,22,133,2021-11-23,23
560,46,133,2020-12-07,23
561,58,133,2021-10-28,23
562,22,133,2021-11-18,23
563,97,133,2021-05-17,23
564,106,133,2021-12-22,23
565,119,133,2020-08-22,23
566,59,133,2021-09-19,23
567,23,133,2021-09-20,23
568,30,133,2021-06-21,23
569,74,46,2021-09-20,3
570,141,46,2020-10-04,3
571,72,46,2021-07-18,3
572,48,152,2021-08-15,29
573,87,152,2020-12-04,29
574,18,152,2021-02-16,29
575,24,152,2020-12-06,29
576,11,152,2020-11-06,29
577,106,152,2021-12-20,29
578,142,152,2020-08-17,29
579,18,152,2020-11-28,29
580,68,152,2021-11-19,29
581,21,152,2021-02-22,29
582,43,152,2021-10-01,29
583,19,152,2021-06-14,29
584,72,152,2020-12-19,29
585,36,152,2021-11-19,29
586,15,111,2021-11-24,16
587,87,111,2021-05-08,16
588,130,111,2021-09-26,16
589,115,111,2021-02-22,16
590,30,111,2021-05-10,16
591,106,111,2021-06-14,16
592,115,111,2021-06-10,16
593,44,111,2021-09-08,16
594,141,111,2020-08-31,16
595,49,111,2021-05-29,16
596,23,111,2021-09-14,16
597,24,111,2020-11-03,16
598,26,111,2021-02-24,16
599,41,111,2020-10-10,16
600,90,111,2021-09-21,16
601,12,147,2021-12-06,28
602,4,147,2021-06-30,28
603,3,147,2021-07-08,28
604,141,147,2021-03-02,28
605,54,147,2021-08-12,28
606,132,147,2021-12-11,28
607,49,147,2020-11-25,28
608,55,147,2021-04-14,28
609,77,147,2021-11-17,28
610,97,147,2021-07-17,28
611,90,147,2020-09-13,28
612,60,147,2021-09-01,28
613,87,147,2021-11-01,28
614,31,147,2020-10-30,28
615,106,147,2021-01-01,28
616,142,147,2021-12-16,28
617,6,147,2021-02-17,28
618,26,147,2021-11-16,28
619,3,43,2021-08-12,3
620,16,43,2020-08-11,3
621,115,77,2021-04-07,6
622,142,77,2021-11-07,6
623,119,77,2021-06-08,6
624,22,77,2021-06-23,6
625,133,77,2021-09-01,6
626,18,77,2021-03-27,6
627,21,77,2021-10-20,6
628,146,77,2021-07-31,6
629,47,77,2021-01-18,6
630,11,77,2021-05-05,6
631,65,77,2021-11-18,6
632,54,77,2021-05-28,6
633,40,119,2021-04-25,18
634,50,119,2021-11-10,18
635,82,119,2021-08-30,18
636,62,119,2021-07-22,18
637,73,119,2021-06-09,18
638,141,119,2021-03-13,18
639,141,119,2021-10-28,18
640,30,119,2021-06-21,18
641,134,119,2021-11-20,18
642,46,119,2020-12-25,18
643,106,119,2021-06-09,18
644,36,119,2021-05-29,18
645,77,119,2021-03-28,18
646,12,119,2021-04-06,18
647,132,8,2021-11-01,2
648,77,8,2020-08-29,2
649,45,8,2021-06-11,2
650,54,8,2021-06-22,2
651,54,81,2020-10-08,6
652,45,81,2021-05-23,6
653,54,81,2021-08-01,6
654,58,81,2020-08-26,6
655,92,81,2021-04-10,6
656,61,81,2021-07-30,6
657,142,81,2021-09-07,6
658,18,81,2020-11-12,6
659,11,81,2021-01-05,6
660,93,81,2021-01-18,6
661,119,81,2020-12-31,6
662,22,19,2021-05-06,2
663,77,19,2021-02-28,2
664,35,19,2021-08-12,2
665,45,19,2020-09-27,2
666,22,107,2021-11-21,14
667,33,107,2021-03-01,14
668,21,107,2020-06-16,14
669,66,107,2021-12-22,14
670,23,107,2021-06-22,14
671,10,107,2021-12-12,14
672,58,107,2021-09-15,14
673,67,107,2021-11-13,14
674,17,107,2021-07-10,14
675,92,107,2021-12-13,14
676,97,107,2021-11-17,14
677,26,107,2020-08-23,14
678,44,107,2021-06-08,14
679,18,107,2021-01-21,14
680,106,107,2021-12-14,14
681,8,107,2021-05-26,14
682,106,107,2021-12-22,14
683,59,107,2021-12-29,14
684,2,107,2021-09-28,14
685,30,107,2021-07-01,14
686,119,107,2021-12-07,14
687,82,107,2020-10-16,14
688,119,107,2021-02-04,14
689,87,107,2021-11-29,14
690,44,107,2021-11-28,14
691,77,107,2021-03-08,14
692,142,107,2021-09-14,14
693,68,107,2021-07-01,14
694,18,69,2021-07-17,1
695,31,69,2021-03-02,1
696,46,69,2020-09-12,1
697,50,69,2021-10-12,1
698,26,69,2021-08-03,1
699,36,69,2021-12-20,1
700,23,69,2021-04-04,1
701,22,69,2021-09-15,1
702,132,6,2021-10-15,2
703,77,6,2021-06-23,2
704,70,6,2021-03-14,2
705,70,143,2021-07-06,26
706,64,143,2021-06-12,26
707,51,143,2021-05-24,26
708,76,143,2021-03-15,26
709,142,143,2021-10-07,26
710,119,143,2021-11-23,26
711,44,143,2021-12-14,26
712,133,143,2021-11-13,26
713,115,143,2021-08-25,26
714,33,143,2021-12-03,26
715,73,143,2021-07-06,26
716,21,143,2021-12-03,26
717,56,143,2021-09-29,26
718,38,143,2021-06-27,26
719,43,143,2021-10-28,26
720,39,143,2021-11-11,26
721,67,143,2021-11-02,26
722,16,143,2020-11-29,26
723,60,143,2021-08-27,26
724,48,96,2021-11-29,11
725,92,96,2021-12-10,11
726,59,96,2021-11-07,11
727,72,96,2021-06-11,11
728,17,96,2021-03-23,11
729,50,96,2021-10-18,11
730,44,96,2021-11-19,11
731,87,96,2021-02-01,11
732,22,96,2021-01-22,11
733,18,96,2021-04-15,11
734,54,96,2021-11-29,11
735,37,96,2020-11-11,11
736,7,96,2021-09-10,11
737,69,96,2021-07-25,11
738,15,96,2021-08-20,11
739,7,98,2021-09-26,11
740,22,98,2021-10-05,11
741,17,98,2020-10-15,11
742,50,98,2021-10-06,11
743,18,98,2021-04-10,11
744,72,98,2021-05-26,11
745,69,98,2021-07-01,11
746,48,98,2021-07-04,11
747,19,98,2020-06-12,11
748,44,98,2021-09-09,11
749,15,98,2021-01-11,11
750,59,98,2021-12-12,11
751,37,98,2021-01-04,11
752,54,28,2021-08-21,2
753,92,97,2021-12-13,11
754,59,97,2021-11-04,11
755,69,97,2021-09-26,11
756,48,97,2021-11-24,11
757,44,97,2021-11-22,11
758,15,97,2020-12-26,11
759,50,97,2021-08-02,11
760,17,97,2020-11-18,11
761,37,97,2020-08-27,11
762,22,97,2021-11-06,11
763,72,97,2021-06-14,11
764,49,97,2021-05-04,11
765,26,90,2020-12-31,9
766,76,90,2021-08-22,9
767,115,90,2021-10-05,9
768,26,90,2021-07-31,9
769,146,90,2020-08-17,9
770,97,90,2021-08-23,9
771,142,90,2021-01-30,9
772,24,90,2020-12-06,9
773,4,90,2021-07-13,9
774,31,90,2020-10-30,9
775,39,90,2021-11-11,9
776,75,90,2020-08-28,9
777,45,90,2020-11-30,9
778,61,90,2021-05-01,9
779,11,90,2021-09-21,9
780,28,90,2021-07-07,9
781,1,90,2021-08-27,9
782,57,90,2021-04-22,9
783,57,90,2020-07-04,9
784,119,90,2021-10-15,9
785,141,90,2020-12-03,9
786,12,90,2021-09-06,9
787,8,90,2021-11-08,9
788,34,90,2021-05-01,9
789,115,90,2020-10-29,9
790,122,90,2021-08-20,9
791,59,90,2020-11-07,9
792,61,90,2021-12-13,9
793,58,78,2021-08-10,6
794,146,78,2020-07-21,6
795,65,78,2021-02-18,6
796,115,78,2020-07-18,6
797,119,78,2021-03-10,6
798,18,78,2020-11-29,6
799,6,78,2021-09-10,6
800,21,78,2021-09-29,6
801,54,73,2021-06-16,5
802,43,73,2021-10-31,5
803,13,73,2021-09-28,5
804,77,73,2020-11-05,5
805,72,73,2020-12-11,5
806,119,73,2021-10-22,5
807,39,73,2021-08-29,5
808,8,73,2021-11-06,5
809,142,73,2021-12-16,5
810,40,73,2021-12-19,5
811,46,73,2021-05-07,5
812,67,73,2021-08-29,5
813,51,73,2021-04-27,5
814,73,73,2020-12-31,5
815,49,73,2021-12-02,5
816,59,84,2021-10-08,7
817,8,84,2021-11-04,7
818,41,84,2021-09-29,7
819,76,84,2021-07-30,7
820,16,84,2021-03-07,7
821,60,84,2021-07-13,7
822,108,84,2021-10-31,7
823,18,84,2020-11-10,7
824,36,84,2021-08-30,7
825,92,84,2021-06-30,7
826,40,84,2021-05-26,7
827,64,84,2021-09-22,7
828,4,84,2021-09-11,7
829,16,84,2021-12-13,7
830,119,84,2021-05-13,7
831,141,84,2021-02-07,7
832,47,84,2021-03-16,7
833,97,84,2021-09-06,7
834,35,84,2021-03-02,7
835,92,84,2021-12-09,7
836,75,84,2021-12-16,7
837,108,84,2021-05-11,7
838,66,108,2021-07-21,15
839,61,108,2021-11-02,15
840,57,108,2020-07-02,15
841,70,108,2021-05-31,15
842,23,108,2021-09-19,15
843,63,108,2021-05-17,15
844,73,108,2021-09-14,15
845,90,108,2020-11-13,15
846,24,108,2021-04-24,15
847,76,108,2021-08-04,15
848,35,108,2021-07-15,15
849,75,108,2021-12-14,15
850,37,108,2021-04-12,15
851,36,108,2020-09-26,15
852,23,108,2021-07-08,15
853,14,108,2021-12-03,15
854,75,86,2021-12-15,7
855,60,86,2021-08-03,7
856,108,86,2021-06-02,7
857,4,86,2021-08-27,7
858,47,86,2021-01-29,7
859,16,86,2021-10-07,7
860,8,86,2021-12-21,7
861,40,86,2021-09-19,7
862,18,86,2021-07-20,7
863,21,86,2021-05-15,7
864,36,86,2021-07-29,7
865,76,86,2021-09-19,7
866,64,86,2021-08-28,7
867,119,86,2021-04-11,7
868,92,86,2021-12-13,7
869,108,86,2021-11-25,7
870,97,86,2021-11-13,7
871,23,86,2021-06-30,7
872,35,86,2021-05-02,7
873,41,86,2021-07-05,7
874,141,86,2021-04-18,7
875,8,86,2021-11-03,7
876,44,86,2021-10-01,7
877,17,114,2020-08-03,17
878,73,114,2021-12-06,17
879,32,114,2021-12-05,17
880,68,114,2021-10-12,17
881,56,114,2021-04-13,17
882,54,114,2021-06-02,17
883,92,114,2021-07-05,17
884,63,114,2021-12-21,17
885,106,114,2021-12-27,17
886,43,114,2021-11-06,17
887,41,114,2021-08-30,17
888,92,114,2020-12-07,17
889,28,114,2021-08-12,17
890,61,114,2021-04-21,17
891,14,114,2021-08-18,17
892,123,114,2021-08-23,17
893,25,114,2021-10-08,17
894,36,114,2021-10-05,17
895,6,82,2020-10-08,6
896,61,82,2021-10-23,6
897,47,82,2021-05-24,6
898,93,82,2021-10-26,6
899,71,82,2021-11-27,6
900,54,82,2021-03-09,6
901,22,82,2021-01-16,6
902,35,82,2021-09-21,6
903,54,82,2021-06-17,6
904,133,82,2021-09-03,6
905,32,62,2021-10-03,4
906,39,62,2021-12-05,4
907,146,62,2021-06-26,4
908,16,62,2021-04-12,4
909,62,62,2020-12-07,4
910,142,58,2021-01-01,4
911,106,58,2021-06-19,4
912,16,58,2020-08-04,4
913,48,58,2021-04-05,4
914,62,58,2021-01-25,4
915,21,58,2021-06-29,4
916,68,58,2021-09-02,4
917,106,104,2021-07-04,13
918,106,104,2021-12-21,13
919,26,104,2021-07-18,13
920,97,104,2021-10-21,13
921,73,104,2021-08-09,13
922,40,104,2021-12-06,13
923,119,104,2021-11-13,13
924,65,104,2021-07-15,13
925,108,104,2021-09-11,13
926,14,104,2021-07-27,13
927,3,104,2021-08-09,13
928,36,104,2021-02-20,13
929,54,104,2021-07-08,13
930,36,104,2021-11-01,13
931,72,104,2020-11-11,13
932,46,104,2021-03-03,13
933,43,104,2021-09-23,13
934,68,104,2021-10-23,13
935,19,104,2020-09-30,13
936,75,104,2021-12-13,13
937,31,104,2021-04-01,13
938,142,104,2021-09-07,13
939,7,104,2021-08-27,13
940,123,104,2020-06-22,13
941,44,104,2021-11-03,13
942,50,104,2021-07-27,13
943,67,122,2021-01-30,19
944,16,122,2021-02-27,19
945,50,122,2021-10-15,19
946,52,122,2021-01-27,19
947,68,122,2021-07-27,19
948,49,122,2021-11-27,19
949,48,122,2021-11-21,19
950,26,122,2021-02-11,19
951,19,122,2021-04-10,19
952,76,122,2021-09-20,19
953,23,122,2021-10-11,19
954,61,122,2020-12-13,19
955,65,122,2021-05-26,19
956,66,122,2021-11-02,19
957,37,122,2020-12-23,19
958,66,71,2021-10-24,5
959,92,71,2021-04-29,5
960,12,71,2020-08-24,5
961,73,71,2021-01-30,5
962,13,71,2021-09-10,5
963,37,71,2021-11-22,5
964,49,71,2021-12-23,5
965,67,71,2021-05-31,5
966,49,71,2021-09-28,5
967,142,71,2021-12-16,5
968,46,71,2021-11-16,5
969,8,71,2021-11-05,5
970,132,71,2021-11-30,5
971,54,71,2021-03-22,5
972,72,71,2020-07-30,5
973,119,71,2021-12-17,5
974,13,112,2021-05-07,16
975,141,112,2021-01-25,16
976,49,112,2020-06-18,16
977,41,112,2020-12-21,16
978,106,112,2021-06-13,16
979,51,112,2021-08-12,16
980,130,112,2021-10-21,16
981,87,112,2020-10-16,16
982,26,112,2021-03-01,16
983,24,112,2021-07-17,16
984,115,112,2021-02-18,16
985,115,112,2021-01-22,16
986,23,112,2021-09-07,16
987,15,112,2021-11-05,16
988,44,112,2021-08-18,16
989,90,112,2021-09-15,16
990,115,113,2021-04-25,16
991,87,113,2021-03-24,16
992,141,113,2020-10-25,16
993,44,113,2021-09-20,16
994,24,113,2021-07-07,16
995,23,113,2021-09-21,16
996,26,113,2021-01-30,16
997,15,113,2021-12-03,16
998,130,113,2021-09-24,16
999,115,113,2021-03-28,16
1000,90,113,2021-09-06,16
1001,51,113,2021-08-11,16
1002,106,113,2021-06-10,16
1003,49,113,2020-10-02,16
1004,30,113,2021-10-07,16
1005,46,74,2021-07-19,5
1006,67,74,2021-10-11,5
1007,49,74,2021-01-31,5
1008,49,74,2021-11-23,5
1009,73,74,2021-11-04,5
1010,43,74,2021-09-27,5
1011,50,74,2021-10-06,5
1012,39,74,2021-12-08,5
1013,43,74,2021-12-13,5
1014,92,74,2021-05-06,5
1015,46,74,2021-11-22,5
1016,12,74,2021-07-30,5
1017,40,74,2021-10-20,5
1018,12,66,2021-11-12,1
1019,15,66,2021-01-30,1
1020,50,66,2021-09-01,1
1021,77,66,2021-07-07,1
1022,16,66,2020-09-09,1
1023,49,66,2021-09-24,1
1024,46,66,2021-09-13,1
1025,92,66,2021-01-15,1
1026,66,138,2021-07-26,25
1027,40,138,2021-11-04,25
1028,49,138,2021-10-12,25
1029,115,138,2021-03-19,25
1030,8,138,2021-12-14,25
1031,19,138,2020-07-18,25
1032,74,138,2021-11-26,25
1033,40,138,2021-11-17,25
1034,82,138,2021-09-03,25
1035,1,138,2020-10-05,25
1036,45,138,2021-10-21,25
1037,22,138,2021-12-20,25
1038,90,138,2021-10-04,25
1039,7,138,2021-08-26,25
1040,122,138,2021-09-09,25
1041,15,138,2021-02-03,25
1042,52,138,2021-11-08,25
1043,32,138,2021-11-11,25
1044,73,138,2021-10-06,25
1045,142,138,2021-01-28,25
1046,105,100,2021-12-09,12
1047,115,100,2021-04-18,12
1048,44,100,2021-12-06,12
1049,33,100,2021-10-31,12
1050,4,100,2021-03-24,12
1051,60,100,2021-09-08,12
1052,54,100,2021-06-21,12
1053,106,100,2021-12-28,12
1054,3,100,2021-08-14,12
1055,77,100,2021-04-04,12
1056,17,100,2021-04-04,12
1057,52,100,2021-01-23,12
1058,87,100,2020-12-12,12
1059,92,100,2021-01-27,12
1060,49,100,2021-07-07,12
1061,51,100,2021-07-18,12
1062,106,53,2021-06-11,4
1063,23,53,2021-12-24,4
1064,46,134,2020-07-27,23
1065,22,134,2021-12-17,23
1066,71,134,2021-04-28,23
1067,97,134,2021-11-01,23
1068,119,134,2021-12-16,23
1069,58,134,2021-11-17,23
1070,105,134,2020-11-24,23
1071,14,134,2021-05-17,23
1072,30,134,2021-06-12,23
1073,77,134,2021-08-06,23
1074,119,134,2021-07-18,23
1075,13,134,2021-05-11,23
1076,46,134,2021-12-13,23
1077,40,134,2021-05-04,23
1078,106,134,2021-12-28,23
1079,75,134,2020-09-08,23
1080,55,134,2021-02-25,23
1081,54,134,2021-09-10,23
1082,23,134,2021-09-19,23
1083,3,134,2021-09-20,23
1084,64,134,2021-04-14,23
1085,10,134,2021-04-21,23
1086,22,134,2021-12-08,23
1087,59,134,2021-08-17,23
1088,74,134,2021-08-20,23
1089,56,134,2021-12-21,23
1090,35,17,2020-10-13,2
1091,63,17,2021-08-20,2
1092,54,17,2021-08-06,2
1093,77,17,2021-04-07,2
1094,90,17,2021-10-19,2
1095,36,3,2021-08-31,1
1096,130,3,2021-11-07,1
1097,12,3,2021-10-03,1
1098,16,3,2020-12-03,1
1099,23,3,2021-06-09,1
1100,51,101,2021-07-30,12
1101,54,101,2021-03-22,12
1102,52,101,2021-01-24,12
1103,60,101,2021-08-09,12
1104,106,101,2021-12-29,12
1105,115,101,2021-05-20,12
1106,49,101,2021-05-22,12
1107,56,101,2021-10-22,12
1108,119,101,2021-12-02,12
1109,92,101,2020-11-19,12
1110,44,101,2021-10-19,12
1111,105,101,2021-11-13,12
1112,15,101,2021-03-22,12
1113,133,101,2020-10-21,12
1114,87,101,2020-11-20,12
1115,3,101,2021-09-18,12
1116,17,101,2020-11-14,12
1117,33,101,2020-07-23,12
1118,5,88,2021-11-14,8
1119,22,88,2021-12-15,8
1120,33,88,2021-12-03,8
1121,22,88,2021-05-28,8
1122,52,88,2021-06-17,8
1123,6,88,2021-07-22,8
1124,64,88,2021-09-05,8
1125,4,88,2021-06-21,8
1126,73,88,2021-10-22,8
1127,27,88,2021-10-18,8
1128,119,88,2021-11-29,8
1129,61,88,2021-03-21,8
1130,119,88,2021-12-03,8
1131,73,88,2021-02-08,8
1132,17,88,2020-10-07,8
1133,55,88,2021-09-12,8
1134,66,88,2021-12-10,8
1135,146,88,2021-10-14,8
1136,49,88,2021-12-13,8
1137,119,88,2021-08-17,8
1138,43,88,2021-12-08,8
1139,54,149,2021-01-19,28
1140,49,149,2021-04-15,28
1141,141,149,2021-02-16,28
1142,142,149,2021-12-16,28
1143,55,149,2021-05-23,28
1144,4,149,2021-08-26,28
1145,106,149,2020-12-21,28
1146,87,149,2020-10-11,28
1147,31,149,2020-11-20,28
1148,70,149,2021-04-25,28
1149,26,149,2020-09-26,28
1150,132,149,2021-11-19,28
1151,3,149,2021-03-28,28
1152,90,149,2020-12-12,28
1153,97,149,2021-09-18,28
1154,60,149,2020-12-03,28
1155,43,75,2021-09-28,5
1156,44,75,2021-12-18,5
1157,54,75,2021-04-14,5
1158,132,75,2021-12-04,5
1159,66,75,2021-09-03,5
1160,72,75,2021-01-13,5
1161,77,75,2021-08-22,5
1162,37,75,2021-11-11,5
1163,8,75,2021-11-04,5
1164,142,75,2021-11-28,5
1165,2,75,2020-11-26,5
1166,12,75,2021-02-14,5
1167,46,75,2021-12-14,5
1168,71,79,2021-10-25,6
1169,54,79,2021-03-30,6
1170,119,79,2021-09-28,6
1171,21,79,2020-07-23,6
1172,133,79,2021-08-13,6
1173,146,60,2021-04-11,4
1174,23,60,2021-11-11,4
1175,130,60,2021-11-25,4
1176,22,60,2021-12-29,4
1177,142,60,2021-07-15,4
1178,22,60,2021-11-27,4
1179,106,60,2021-06-18,4
1180,74,145,2021-06-18,27
1181,108,145,2021-11-14,27
1182,63,145,2021-12-09,27
1183,23,145,2021-06-18,27
1184,133,145,2021-12-07,27
1185,115,145,2021-02-14,27
1186,15,145,2021-12-29,27
1187,7,145,2021-08-04,27
1188,133,145,2021-10-01,27
1189,66,145,2021-09-03,27
1190,105,145,2021-08-06,27
1191,92,145,2021-06-18,27
1192,59,145,2021-09-23,27
1193,51,145,2020-09-22,27
1194,75,145,2021-12-11,27
1195,22,145,2021-11-30,27
1196,18,145,2021-10-05,27
1197,50,117,2021-10-14,18
1198,30,117,2021-06-22,18
1199,12,117,2021-11-23,18
1200,62,117,2021-02-27,18
1201,82,117,2021-09-03,18
1202,141,117,2020-12-23,18
1203,130,117,2021-06-28,18
1204,141,117,2021-02-10,18
1205,134,117,2021-10-25,18
1206,106,117,2021-06-21,18
1207,46,117,2020-09-08,18
1208,36,117,2020-08-11,18
1209,77,117,2021-11-05,18
1210,52,117,2021-10-24,18
1211,39,141,2021-12-18,26
1212,60,141,2021-09-02,26
1213,38,141,2020-11-16,26
1214,115,141,2021-12-15,26
1215,119,141,2021-12-17,26
1216,73,141,2021-07-02,26
1217,51,141,2021-07-16,26
1218,64,141,2021-07-24,26
1219,56,141,2021-08-08,26
1220,33,141,2021-12-21,26
1221,21,141,2020-11-22,26
1222,67,141,2021-12-24,26
1223,70,141,2021-08-10,26
1224,16,141,2021-09-01,26
1225,92,116,2020-12-26,17
1226,56,116,2021-11-25,17
1227,8,116,2021-11-05,17
1228,76,116,2021-08-30,17
1229,14,116,2021-08-16,17
1230,63,116,2020-08-19,17
1231,22,116,2021-11-22,17
1232,142,116,2021-12-10,17
1233,45,116,2021-12-23,17
1234,32,116,2021-09-30,17
1235,28,116,2021-04-30,17
1236,25,116,2021-03-22,17
1237,106,116,2021-12-21,17
1238,57,116,2021-01-30,17
1239,17,116,2021-04-15,17
1240,36,116,2021-11-01,17
1241,73,116,2021-11-28,17
1242,14,116,2021-08-06,17
1243,41,116,2021-09-23,17
1244,43,116,2021-10-30,17
1245,68,105,2021-04-03,14
1246,22,105,2021-12-20,14
1247,59,105,2021-11-19,14
1248,67,105,2021-04-27,14
1249,49,105,2021-08-08,14
1250,23,105,2021-11-12,14
1251,66,105,2021-05-16,14
1252,2,105,2021-10-23,14
1253,97,105,2021-12-27,14
1254,119,105,2021-12-13,14
1255,87,105,2021-09-06,14
1256,58,105,2021-06-13,14
1257,44,105,2021-11-27,14
1258,3,105,2021-06-21,14
1259,106,105,2021-12-27,14
1260,8,105,2021-06-17,14
1261,18,105,2021-07-23,14
1262,26,105,2021-09-27,14
1263,119,105,2020-12-30,14
1264,77,105,2020-12-25,14
1265,44,105,2021-06-09,14
1266,33,105,2021-11-26,14
1267,30,105,2021-10-21,14
1268,82,105,2021-07-04,14
1269,92,105,2021-12-10,14
1270,142,105,2021-10-27,14
1271,26,105,2021-02-07,14
1272,93,153,2021-12-05,30
1273,64,153,2021-12-02,30
1274,34,153,2021-08-08,30
1275,7,153,2021-12-19,30
1276,92,153,2020-06-29,30
1277,119,153,2021-03-14,30
1278,25,153,2021-04-02,30
1279,30,153,2021-10-20,30
1280,134,153,2021-10-17,30
1281,67,153,2021-04-03,30
1282,134,153,2021-08-24,30
1283,44,153,2021-10-08,30
1284,26,153,2021-02-16,30
1285,70,153,2020-09-16,30
1286,8,153,2021-11-06,30
1287,45,153,2020-09-22,30
1288,25,153,2021-11-20,30
1289,9,135,2020-06-24,24
1290,34,135,2021-01-08,24
1291,43,135,2021-11-24,24
1292,8,135,2021-12-06,24
1293,70,135,2021-02-25,24
1294,69,135,2021-12-24,24
1295,141,135,2020-10-02,24
1296,132,135,2021-12-28,24
1297,71,135,2021-08-16,24
1298,54,135,2021-12-19,24
1299,108,135,2021-08-31,24
1300,37,135,2020-11-10,24
1301,90,135,2021-07-20,24
1302,82,135,2021-08-31,24
1303,39,135,2021-09-15,24
1304,134,135,2021-11-05,24
1305,16,135,2021-08-08,24
1306,21,135,2020-08-24,24
1307,70,135,2021-10-27,24
1308,142,54,2021-07-24,4
1309,48,54,2020-11-30,4
1310,32,54,2021-10-09,4
1311,68,54,2021-12-05,4
1312,73,54,2021-06-24,4
1313,4,54,2021-07-13,4
1314,142,150,2020-08-19,29
1315,22,150,2021-12-05,29
1316,19,150,2021-03-21,29
1317,18,150,2021-05-18,29
1318,14,150,2021-12-19,29
1319,87,150,2020-10-17,29
1320,106,150,2021-06-16,29
1321,43,150,2021-11-15,29
1322,68,150,2021-07-03,29
1323,106,150,2021-12-18,29
1324,18,150,2021-12-30,29
1325,11,150,2020-12-04,29
1326,48,150,2021-12-23,29
1327,21,150,2020-10-23,29
1328,72,150,2021-11-07,29
1329,24,150,2021-11-07,29
1330,36,150,2021-11-17,29
1331,122,127,2021-08-18,21
1332,61,127,2020-12-12,21
1333,23,127,2021-01-23,21
1334,8,127,2021-11-07,21
1335,14,127,2020-12-03,21
1336,39,127,2021-11-23,21
1337,66,127,2021-07-29,21
1338,12,127,2021-07-20,21
1339,40,127,2021-10-26,21
1340,2,127,2020-10-29,21
1341,115,127,2021-08-12,21
1342,25,127,2021-07-13,21
1343,18,127,2020-11-02,21
1344,52,127,2021-10-26,21
1345,7,129,2021-12-18,22
1346,14,129,2021-04-12,22
1347,20,129,2021-11-10,22
1348,52,129,2021-08-25,22
1349,108,129,2021-11-04,22
1350,44,129,2021-06-02,22
1351,22,129,2021-10-20,22
1352,31,129,2020-11-22,22
1353,37,129,2021-09-06,22
1354,46,129,2021-05-28,22
1355,141,129,2020-12-13,22
1356,122,129,2021-08-26,22
1357,12,129,2021-05-04,22
1358,133,129,2021-12-08,22
1359,10,129,2021-01-25,22
1360,11,129,2021-10-30,22
1361,26,129,2020-11-09,22
1362,54,129,2021-12-11,22
1363,115,48,2021-05-09,3
1364,38,48,2021-03-18,3
1365,39,48,2021-04-14,3
1366,73,48,2021-07-07,3
1367,16,48,2021-10-22,3
1368,46,118,2020-12-05,18
1369,15,118,2021-07-06,18
1370,106,118,2021-06-08,18
1371,134,118,2021-09-05,18
1372,36,118,2021-07-12,18
1373,22,118,2021-08-12,18
1374,30,118,2021-06-11,18
1375,40,118,2020-12-21,18
1376,12,118,2021-06-28,18
1377,82,118,2021-09-03,18
1378,50,118,2021-09-05,18
1379,77,118,2021-08-29,18
1380,119,118,2021-03-09,18
1381,62,118,2021-03-23,18
1382,141,118,2020-11-11,18
1383,73,118,2021-07-11,18
1384,49,118,2021-07-25,18
1385,141,118,2021-02-22,18
1386,49,139,2021-11-03,25
1387,32,139,2021-12-24,25
1388,43,139,2020-11-29,25
1389,1,139,2020-09-18,25
1390,142,139,2021-12-21,25
1391,66,139,2021-09-26,25
1392,7,139,2021-11-11,25
1393,44,139,2021-08-15,25
1394,82,139,2021-08-31,25
1395,23,139,2021-12-29,25
1396,8,139,2021-11-28,25
1397,52,139,2021-09-23,25
1398,40,139,2021-11-16,25
1399,46,139,2021-07-02,25
1400,40,139,2021-11-01,25
1401,74,139,2021-12-21,25
1402,90,139,2021-10-03,25
1403,22,139,2021-09-25,25
1404,43,139,2021-09-27,25
1405,22,139,2021-12-17,25
1406,15,139,2020-09-19,25
1407,130,56,2021-12-24,4
1408,22,56,2021-11-19,4
1409,62,56,2021-01-20,4
1410,48,56,2021-03-29,4
1411,39,56,2021-06-21,4
1412,68,56,2021-11-22,4
1413,38,44,2020-10-22,3
1414,115,44,2021-02-21,3
1415,141,44,2021-02-25,3
1416,67,44,2021-09-30,3
1417,132,23,2021-08-24,2
1418,90,23,2021-10-06,2
1419,63,23,2021-03-07,2
1420,77,7,2021-04-04,2
1421,35,7,2021-02-19,2
1422,36,7,2021-11-09,2
1423,67,37,2021-09-01,3
1424,132,37,2021-10-15,3
1425,38,37,2021-08-03,3
1426,141,37,2021-03-20,3
1427,73,37,2021-12-09,3
1428,39,37,2021-04-08,3
1429,60,146,2021-07-25,27
1430,51,146,2021-03-07,27
1431,18,146,2021-10-31,27
1432,59,146,2021-08-05,27
1433,22,146,2021-11-27,27
1434,75,146,2021-12-15,27
1435,92,146,2021-08-09,27
1436,66,146,2021-10-25,27
1437,108,146,2021-12-01,27
1438,74,146,2021-07-09,27
1439,26,146,2021-01-04,27
1440,4,146,2021-07-18,27
1441,15,146,2021-11-30,27
1442,7,146,2021-11-19,27
1443,119,146,2021-04-16,27
1444,23,146,2021-05-20,27
1445,21,151,2021-01-17,29
1446,72,151,2020-09-16,29
1447,36,151,2021-10-01,29
1448,11,151,2021-05-25,29
1449,87,151,2020-11-19,29
1450,19,151,2021-04-14,29
1451,24,151,2021-01-17,29
1452,106,151,2021-12-27,29
1453,18,151,2021-12-10,29
1454,68,151,2021-10-12,29
1455,142,151,2020-08-20,29
1456,18,151,2021-05-23,29
1457,43,151,2021-09-26,29
1458,22,151,2021-12-15,29
1459,48,151,2021-08-03,29
1460,106,151,2021-06-20,29
1461,14,151,2021-11-26,29
1462,53,65,2021-11-23,1
1463,7,65,2021-11-20,1
1464,38,65,2021-06-22,1
1465,133,80,2021-08-24,6
1466,6,80,2021-07-14,6
1467,18,80,2021-05-15,6
1468,119,80,2021-10-16,6
1469,45,80,2021-08-30,6
1470,65,80,2021-12-26,6
1471,65,80,2021-10-18,6
1472,22,61,2021-12-05,4
1473,146,61,2020-11-06,4
1474,23,61,2021-12-09,4
1475,16,61,2021-02-25,4
1476,21,61,2021-05-31,4
1477,115,83,2020-12-03,6
1478,65,83,2021-03-25,6
1479,93,83,2021-03-23,6
1480,146,83,2021-02-18,6
1481,65,83,2021-05-08,6
1482,45,83,2021-06-30,6
1483,61,83,2021-01-23,6
1484,66,126,2021-08-08,21
1485,14,126,2020-12-09,21
1486,12,126,2021-07-25,21
1487,52,126,2021-11-27,21
1488,23,126,2021-04-21,21
1489,122,126,2021-08-10,21
1490,40,126,2020-11-12,21
1491,41,126,2021-06-08,21
1492,39,126,2021-08-10,21
1493,2,126,2020-11-20,21
1494,25,126,2020-09-18,21
1495,18,126,2021-11-26,21
1496,4,126,2021-06-29,21
1497,8,126,2021-11-06,21
1498,61,126,2021-10-29,21
1499,37,131,2021-06-30,22
1500,44,131,2021-09-09,22
1501,53,131,2021-11-23,22
1502,133,131,2021-03-02,22
1503,14,131,2021-01-10,22
1504,22,131,2020-10-05,22
1505,46,131,2021-05-14,22
1506,20,131,2021-11-08,22
1507,141,131,2020-08-20,22
1508,11,131,2021-12-29,22
1509,122,131,2021-03-31,22
1510,54,131,2021-12-19,22
1511,7,131,2021-12-15,22
1512,52,131,2021-06-25,22
1513,4,131,2021-08-29,22
1514,108,131,2021-12-04,22
1515,10,131,2021-07-13,22
1516,24,131,2021-01-05,22
1517,5,94,2021-11-21,10
1518,65,94,2021-06-08,10
1519,93,94,2021-06-13,10
1520,49,94,2021-09-17,10
1521,92,94,2021-12-08,10
1522,44,94,2021-10-21,10
1523,59,94,2021-12-04,10
1524,50,94,2021-08-16,10
1525,7,94,2021-11-13,10
1526,62,94,2021-06-30,10
1527,15,94,2021-04-21,10
1528,90,136,2021-04-16,24
1529,54,136,2021-12-03,24
1530,82,136,2021-08-30,24
1531,34,136,2021-05-11,24
1532,43,136,2021-06-03,24
1533,70,136,2021-10-20,24
1534,134,136,2021-08-13,24
1535,16,136,2021-07-15,24
1536,132,136,2021-12-26,24
1537,70,136,2021-03-20,24
1538,9,136,2021-05-27,24
1539,69,136,2021-09-05,24
1540,22,10,2020-10-02,2
1541,30,10,2021-06-08,2
1542,55,10,2021-10-25,2
1543,22,10,2020-09-22,2
1544,32,125,2021-05-22,20
1545,76,125,2021-03-13,20
1546,141,125,2021-04-17,20
1547,66,125,2021-09-21,20
1548,39,125,2021-08-24,20
1549,31,125,2021-11-28,20
1550,16,125,2021-10-29,20
1551,24,125,2021-06-19,20
1552,16,125,2021-12-26,20
1553,46,125,2021-02-06,20
1554,55,125,2021-08-31,20
1555,90,125,2021-07-12,20
1556,77,21,2021-02-20,2
1557,22,21,2021-09-23,2
1558,90,21,2021-01-03,2
1559,36,21,2021-12-25,2
1560,38,4,2021-03-29,1
1561,77,4,2021-05-22,1
1562,12,4,2021-11-26,1
1563,22,4,2021-04-11,1
1564,46,4,2021-07-23,1
1565,18,4,2021-06-28,1
1566,49,4,2021-07-03,1
1567,26,4,2021-07-20,1
1568,21,4,2021-07-22,1
1569,92,4,2021-01-23,1
1570,28,91,2021-05-11,9
1571,57,91,2021-07-20,9
1572,105,91,2021-12-10,9
1573,57,91,2020-06-25,9
1574,76,91,2021-09-05,9
1575,122,91,2021-03-21,9
1576,141,91,2020-11-25,9
1577,4,91,2021-07-04,9
1578,12,91,2021-11-28,9
1579,61,91,2021-02-17,9
1580,27,91,2021-10-05,9
1581,59,91,2021-01-04,9
1582,115,91,2021-06-08,9
1583,8,91,2021-11-06,9
1584,146,91,2021-02-08,9
1585,48,91,2020-12-01,9
1586,39,91,2021-09-24,9
1587,115,91,2021-07-03,9
1588,24,91,2021-06-19,9
1589,26,91,2021-11-06,9
1590,97,22,2021-12-29,2
1591,55,22,2021-09-16,2
1592,22,16,2020-12-05,2
1593,43,16,2021-11-02,2
1594,134,155,2021-11-16,30
1595,67,155,2021-12-12,30
1596,119,155,2020-12-15,30
1597,70,155,2021-12-17,30
1598,92,155,2020-07-05,30
1599,44,155,2021-05-24,30
1600,8,155,2021-11-06,30
1601,7,155,2021-12-24,30
1602,26,155,2021-02-26,30
1603,34,155,2021-08-03,30
1604,25,155,2021-01-07,30
1605,23,155,2021-06-11,30
1606,30,155,2021-07-15,30
1607,130,155,2021-06-30,30
1608,93,155,2021-11-05,30
1609,64,155,2021-11-25,30
1610,33,95,2021-10-26,10
1611,5,95,2021-11-23,10
1612,50,95,2021-08-02,10
1613,92,95,2021-12-13,10
1614,108,95,2021-09-18,10
1615,65,95,2021-04-21,10
1616,44,95,2021-11-29,10
1617,22,95,2021-07-30,10
1618,62,95,2021-11-17,10
1619,15,95,2021-02-22,10
1620,90,95,2020-12-12,10
1621,106,120,2020-12-24,19
1622,66,120,2021-08-27,19
1623,68,120,2021-05-18,19
1624,49,120,2021-12-29,19
1625,61,120,2021-11-15,19
1626,76,120,2021-07-27,19
1627,26,120,2021-02-03,19
1628,67,120,2020-12-19,19
1629,19,120,2021-04-13,19
1630,48,120,2021-07-22,19
1631,52,120,2020-11-07,19
1632,23,120,2021-08-26,19
1633,141,41,2021-03-20,3
1634,141,41,2020-11-29,3
1635,142,51,2021-09-13,4
1636,23,51,2021-12-28,4
1637,39,51,2021-11-13,4
1638,12,5,2021-08-23,1
1639,15,5,2021-06-04,1
1640,22,5,2020-12-10,1
1641,77,5,2021-06-15,1
1642,23,5,2021-08-01,1
1643,36,5,2021-12-01,1
1644,7,5,2021-11-01,1
1645,115,42,2021-08-24,3
1646,14,42,2021-11-22,3
1647,13,42,2021-11-20,3
1648,48,52,2021-04-02,4
1649,22,52,2021-12-21,4
1650,23,52,2021-05-09,4
1651,16,52,2020-11-04,4
1652,68,52,2021-10-23,4
1653,146,52,2020-09-30,4
1654,32,52,2021-12-25,4
1655,70,14,2021-05-28,2
1656,30,14,2021-06-11,2
1657,70,29,2021-12-11,2
1658,62,29,2021-07-02,2
1659,14,9,2021-12-13,2
1660,55,9,2021-09-21,2
1661,43,9,2021-12-27,2
1662,97,9,2021-11-27,2
1663,73,70,2021-12-29,5
1664,49,70,2021-09-18,5
1665,12,70,2021-08-17,5
1666,132,70,2021-11-25,5
1667,40,70,2021-06-02,5
1668,67,70,2021-10-23,5
1669,72,70,2020-12-26,5
1670,49,70,2021-05-19,5
1671,37,70,2021-11-21,5
1672,119,70,2021-11-17,5
1673,8,70,2021-11-03,5
1674,62,25,2020-11-11,2
1675,43,25,2021-10-05,2
1676,43,30,2021-11-12,2
1677,46,2,2021-07-21,1
1678,23,2,2021-09-06,1
1679,90,2,2021-08-16,1
1680,50,2,2021-01-22,1
1681,26,2,2021-08-05,1
1682,77,2,2021-07-05,1
1683,15,2,2021-08-30,1
1684,62,63,2021-07-18,4
1685,68,63,2021-10-08,4
1686,146,63,2021-02-14,4
1687,39,49,2021-04-13,3
1688,90,49,2021-09-29,3
1689,132,49,2021-08-01,3
1690,41,49,2020-07-04,3
1691,70,24,2021-08-22,2
1692,132,24,2021-07-23,2
1693,22,55,2021-11-15,4
1694,48,55,2021-10-05,4
1695,142,55,2020-12-15,4
1696,67,39,2021-11-01,3
1697,49,39,2020-09-23,3
1698,90,39,2021-09-14,3
1699,25,1,2021-12-03,1
1700,15,1,2021-05-26,1
1701,53,1,2021-11-24,1
1702,74,50,2021-07-08,3
1703,16,50,2020-10-12,3
1704,13,40,2021-06-03,3
1705,26,40,2020-08-10,3
1706,13,47,2021-01-17,3
1707,132,47,2021-05-21,3
1708,90,47,2021-10-05,3
1709,141,47,2021-04-20,3
1710,73,47,2021-06-01,3
1711,1,47,2020-09-03,3
1712,50,67,2021-07-22,1
1713,36,67,2021-10-22,1
1714,23,67,2021-10-14,1
1715,25,67,2021-12-09,1
1716,16,67,2021-03-19,1
1717,21,67,2021-02-09,1
1718,90,67,2021-12-19,1
1719,77,67,2021-09-24,1
1720,23,57,2021-05-12,4
1721,30,27,2021-06-13,2
1722,63,27,2021-08-27,2
1723,54,27,2021-08-01,2
1724,36,27,2021-07-08,2
1725,55,27,2021-10-03,2
1726,115,31,2020-07-24,3
1727,67,31,2021-09-29,3
1728,16,31,2020-11-17,3
1729,123,68,2021-06-08,1
1730,38,68,2021-07-14,1
1731,12,68,2021-09-19,1
1732,53,68,2021-11-23,1
1733,46,68,2021-05-29,1
1734,92,68,2020-11-28,1
1735,65,76,2021-09-08,6
1736,54,76,2021-06-15,6
1737,61,76,2021-04-04,6
1738,11,76,2021-03-04,6
1739,133,76,2021-09-08,6
1740,45,76,2021-07-31,6
1741,38,34,2020-09-17,3
1742,13,34,2021-02-11,3
1743,141,34,2020-05-21,3
1744,90,34,2021-09-13,3
1745,1,38,2020-10-06,3
1746,115,38,2020-10-05,3
1747,22,11,2021-03-16,2
1748,43,20,2021-11-21,2
1749,45,20,2021-05-22,2
1750,22,20,2021-03-17,2
1751,54,18,2021-11-16,2
1752,14,18,2021-12-15,2
1753,119,18,2021-07-07,2
1754,44,18,2020-07-24,2
1755,108,64,2021-05-08,4
1756,23,64,2021-09-07,4
1757,23,64,2021-11-20,4
1758,22,26,2021-08-21,2
1759,8,59,2021-11-05,4
1760,62,59,2021-02-02,4
1761,1,33,2020-10-27,3
1762,55,12,2020-12-18,2
1763,26,32,2020-11-29,3
1764,67,32,2021-10-08,3
1765,62,15,2021-08-12,2
