id_hs,id_usuario,id_serie,fecha,cantidad_episodios_vistos
0,1,3,2020-09-03,1
1,1,3,2020-10-06,1
2,1,3,2020-10-27,1
3,1,9,2021-08-27,1
4,1,25,2020-09-18,1
5,1,25,2020-10-05,1
6,1,25,2020-10-30,1
7,1,31,2021-06-23,1
8,1,31,2021-11-13,1
9,2,5,2020-11-26,1
10,2,14,2020-09-20,1
11,2,14,2021-09-28,1
12,2,14,2021-10-23,1
13,2,21,2020-07-05,1
14,2,21,2020-10-29,1
15,2,21,2020-11-20,1
16,3,3,2021-08-12,1
17,3,12,2021-06-02,1
18,3,12,2021-08-14,1
19,3,12,2021-09-18,1
20,3,13,2021-07-15,1
21,3,13,2021-08-09,1
22,3,13,2021-10-23,1
23,3,14,2021-06-21,1
24,3,23,2021-07-29,1
25,3,23,2021-09-20,1
26,3,23,2021-09-21,1
27,3,28,2020-10-29,1
28,3,28,2021-03-28,1
29,3,28,2021-07-08,1
30,4,4,2021-07-13,1
31,4,7,2021-05-21,1
32,4,7,2021-08-27,1
33,4,7,2021-09-11,1
34,4,8,2021-01-15,1
35,4,8,2021-04-01,1
36,4,8,2021-06-21,1
37,4,9,2021-07-04,1
38,4,9,2021-07-07,1
39,4,9,2021-07-13,1
40,4,12,2021-03-24,1
41,4,13,2021-08-08,1
42,4,13,2021-08-27,1
43,4,21,2021-06-29,1
44,4,21,2021-08-14,1
45,4,22,2021-08-29,1
46,4,22,2021-08-30,1
47,4,26,2021-02-21,1
48,4,27,2021-07-18,1
49,4,28,2021-06-30,1
50,4,28,2021-08-16,1
51,4,28,2021-08-26,1
52,4,31,2020-12-24,1
53,4,31,2021-02-06,1
54,5,8,2021-11-09,1
55,5,8,2021-11-14,1
56,5,8,2021-11-27,1
57,5,10,2021-11-17,1
58,5,10,2021-11-21,1
59,5,10,2021-11-23,1
60,6,6,2020-10-08,1
61,6,6,2021-07-14,1
62,6,6,2021-09-10,1
63,6,8,2021-07-22,1
64,6,8,2021-10-22,1
65,6,28,2021-02-17,1
66,6,31,2020-08-26,1
67,6,31,2021-10-15,1
68,7,1,2021-11-01,1
69,7,1,2021-11-20,1
70,7,10,2021-08-27,1
71,7,10,2021-11-13,1
72,7,11,2021-09-10,1
73,7,11,2021-09-26,1
74,7,13,2021-08-27,1
75,7,22,2021-12-15,1
76,7,22,2021-12-18,1
77,7,22,2021-12-24,1
78,7,25,2021-08-26,1
79,7,25,2021-10-21,1
80,7,25,2021-11-11,1
81,7,27,2021-08-04,1
82,7,27,2021-08-17,1
83,7,27,2021-11-19,1
84,7,30,2021-12-18,1
85,7,30,2021-12-19,1
86,7,30,2021-12-24,1
87,7,31,2021-12-20,1
88,7,31,2021-12-21,1
89,8,4,2021-11-05,1
90,8,5,2021-11-03,1
91,8,5,2021-11-04,1
92,8,5,2021-11-05,1
93,8,5,2021-11-06,2
94,8,7,2021-11-03,2
95,8,7,2021-11-04,1
96,8,7,2021-12-21,1
97,8,9,2021-11-05,1
98,8,9,2021-11-06,1
99,8,9,2021-11-08,1
100,8,14,2021-05-26,1
101,8,14,2021-06-17,1
102,8,14,2021-10-21,1
103,8,17,2021-11-05,1
104,8,21,2021-11-06,2
105,8,21,2021-11-07,1
106,8,24,2021-12-06,1
107,8,25,2021-11-28,1
108,8,25,2021-12-13,1
109,8,25,2021-12-14,1
110,8,30,2021-11-03,1
111,8,30,2021-11-06,2
112,9,24,2020-05-31,1
113,9,24,2020-06-24,1
114,9,24,2021-05-27,1
115,10,14,2021-06-24,1
116,10,14,2021-12-12,1
117,10,22,2021-01-25,1
118,10,22,2021-07-13,1
119,10,23,2021-01-07,1
120,10,23,2021-04-21,1
121,10,23,2021-06-27,1
122,11,6,2021-01-05,1
123,11,6,2021-03-04,1
124,11,6,2021-05-05,1
125,11,9,2021-09-21,1
126,11,22,2021-09-03,1
127,11,22,2021-10-30,1
128,11,22,2021-12-29,1
129,11,27,2021-02-24,1
130,11,29,2020-11-06,1
131,11,29,2020-12-04,1
132,11,29,2021-05-25,1
133,12,1,2021-08-23,1
134,12,1,2021-09-19,1
135,12,1,2021-10-03,1
136,12,1,2021-11-12,1
137,12,1,2021-11-26,1
138,12,5,2020-08-24,1
139,12,5,2021-02-14,1
140,12,5,2021-07-30,1
141,12,5,2021-08-17,1
142,12,8,2021-10-10,1
143,12,9,2021-08-06,1
144,12,9,2021-09-06,1
145,12,9,2021-11-28,1
146,12,18,2021-04-06,1
147,12,18,2021-06-28,1
148,12,18,2021-11-23,1
149,12,21,2020-11-30,1
150,12,21,2021-07-20,1
151,12,21,2021-07-25,1
152,12,22,2021-05-04,1
153,12,28,2021-04-24,1
154,12,28,2021-12-06,1
155,13,3,2021-01-17,1
156,13,3,2021-02-11,1
157,13,3,2021-06-03,1
158,13,3,2021-11-20,1
159,13,5,2021-09-10,1
160,13,5,2021-09-28,1
161,13,16,2021-05-07,1
162,13,23,2021-05-11,1
163,13,23,2021-09-02,1
164,13,23,2021-12-03,1
165,13,31,2021-10-16,1
166,13,31,2021-11-20,1
167,14,2,2021-12-13,1
168,14,2,2021-12-15,1
169,14,3,2021-11-17,1
170,14,3,2021-11-22,1
171,14,13,2021-07-27,1
172,14,13,2021-09-02,1
173,14,13,2021-12-24,1
174,14,15,2021-10-29,1
175,14,15,2021-12-01,1
176,14,15,2021-12-03,1
177,14,17,2021-08-06,1
178,14,17,2021-08-16,1
179,14,17,2021-08-18,1
180,14,17,2021-09-28,1
181,14,20,2021-04-07,1
182,14,20,2021-08-18,1
183,14,21,2020-09-26,1
184,14,21,2020-12-03,1
185,14,21,2020-12-09,1
186,14,22,2021-01-10,1
187,14,22,2021-01-18,1
188,14,22,2021-04-12,1
189,14,23,2021-05-17,1
190,14,23,2021-08-12,1
191,14,29,2021-11-26,1
192,14,29,2021-12-19,1
193,15,1,2021-01-30,1
194,15,1,2021-05-26,1
195,15,1,2021-06-04,1
196,15,1,2021-08-30,1
197,15,7,2021-06-17,1
198,15,10,2021-02-22,1
199,15,10,2021-04-21,1
200,15,11,2020-12-26,1
201,15,11,2021-01-11,1
202,15,11,2021-08-20,1
203,15,12,2021-03-22,1
204,15,12,2021-05-30,1
205,15,16,2021-11-05,1
206,15,16,2021-11-24,1
207,15,16,2021-12-03,1
208,15,18,2021-07-06,1
209,15,25,2020-09-19,1
210,15,25,2020-11-14,1
211,15,25,2021-02-03,1
212,15,27,2021-11-30,1
213,15,27,2021-12-29,1
214,16,1,2020-09-09,1
215,16,1,2020-12-03,1
216,16,1,2021-03-19,1
217,16,3,2020-08-11,1
218,16,3,2020-10-12,1
219,16,3,2020-11-17,1
220,16,3,2021-02-27,1
221,16,3,2021-10-22,1
222,16,4,2020-08-04,1
223,16,4,2020-11-04,1
224,16,4,2021-02-25,1
225,16,4,2021-04-12,1
226,16,7,2021-03-07,1
227,16,7,2021-10-07,1
228,16,7,2021-10-26,1
229,16,7,2021-12-13,1
230,16,8,2021-01-17,1
231,16,8,2021-05-08,1
232,16,9,2021-12-07,1
233,16,13,2020-10-07,1
234,16,13,2020-11-13,1
235,16,14,2021-04-28,1
236,16,19,2021-02-27,1
237,16,20,2021-07-02,1
238,16,20,2021-09-19,1
239,16,20,2021-10-09,1
240,16,20,2021-10-29,1
241,16,20,2021-12-25,1
242,16,20,2021-12-26,1
243,16,24,2021-07-15,1
244,16,24,2021-08-08,1
245,16,24,2021-10-21,1
246,16,26,2020-11-29,1
247,16,26,2021-04-07,1
248,16,26,2021-09-01,1
249,16,31,2021-06-19,1
250,16,31,2021-12-25,1
251,17,8,2020-10-07,1
252,17,8,2021-03-31,1
253,17,8,2021-11-07,1
254,17,11,2020-10-15,1
255,17,11,2020-11-18,1
256,17,11,2021-03-23,1
257,17,12,2020-08-22,1
258,17,12,2020-11-14,1
259,17,12,2021-04-04,1
260,17,14,2021-01-22,1
261,17,14,2021-07-10,1
262,17,17,2020-08-03,1
263,17,17,2021-04-15,1
264,17,17,2021-09-04,1
265,18,1,2021-06-28,1
266,18,1,2021-07-17,1
267,18,6,2020-11-12,1
268,18,6,2020-11-29,1
269,18,6,2021-03-27,1
270,18,6,2021-05-15,1
271,18,7,2020-10-20,1
272,18,7,2020-11-10,1
273,18,7,2021-06-27,1
274,18,7,2021-07-20,1
275,18,11,2021-04-10,1
276,18,11,2021-04-15,1
277,18,14,2021-01-21,1
278,18,14,2021-07-23,1
279,18,14,2021-12-03,1
280,18,15,2021-03-27,1
281,18,21,2020-11-02,1
282,18,21,2020-12-07,1
283,18,21,2021-11-26,1
284,18,27,2021-04-18,1
285,18,27,2021-10-05,1
286,18,27,2021-10-31,1
287,18,29,2020-11-28,1
288,18,29,2021-02-16,1
289,18,29,2021-05-18,1
290,18,29,2021-05-23,1
291,18,29,2021-12-10,1
292,18,29,2021-12-30,1
293,19,11,2020-06-12,1
294,19,13,2020-07-30,1
295,19,13,2020-09-30,1
296,19,13,2020-10-01,1
297,19,19,2021-04-10,1
298,19,19,2021-04-13,1
299,19,19,2021-08-29,1
300,19,25,2020-07-18,1
301,19,29,2021-03-21,1
302,19,29,2021-04-14,1
303,19,29,2021-06-14,1
304,20,22,2021-11-08,1
305,20,22,2021-11-10,1
306,21,1,2021-02-09,1
307,21,1,2021-07-22,1
308,21,4,2021-05-31,1
309,21,4,2021-06-29,1
310,21,6,2020-07-23,1
311,21,6,2021-09-29,1
312,21,6,2021-10-20,1
313,21,7,2020-07-03,1
314,21,7,2021-05-15,1
315,21,9,2021-06-19,1
316,21,14,2020-06-16,1
317,21,24,2020-08-24,1
318,21,24,2020-11-11,1
319,21,26,2020-09-28,1
320,21,26,2020-11-22,1
321,21,26,2021-12-03,1
322,21,29,2020-10-23,1
323,21,29,2021-01-17,1
324,21,29,2021-02-22,1
325,21,31,2021-05-11,1
326,21,31,2021-06-24,1
327,21,31,2021-08-07,1
328,21,31,2021-10-13,1
329,22,1,2020-12-10,1
330,22,1,2021-04-11,1
331,22,1,2021-09-15,1
332,22,2,2020-09-22,1
333,22,2,2020-10-02,1
334,22,2,2020-12-05,1
335,22,2,2021-03-16,1
336,22,2,2021-03-17,1
337,22,2,2021-05-06,1
338,22,2,2021-08-21,1
339,22,2,2021-09-23,1
340,22,4,2021-11-15,1
341,22,4,2021-11-19,1
342,22,4,2021-11-27,1
343,22,4,2021-12-05,1
344,22,4,2021-12-21,1
345,22,4,2021-12-29,1
346,22,6,2021-01-16,1
347,22,6,2021-06-23,1
348,22,8,2021-05-28,1
349,22,8,2021-09-03,1
350,22,8,2021-10-12,1
351,22,8,2021-12-15,1
352,22,8,2021-12-16,1
353,22,8,2021-12-21,1
354,22,10,2021-03-30,1
355,22,10,2021-07-30,1
356,22,11,2021-01-22,1
357,22,11,2021-10-05,1
358,22,11,2021-11-06,1
359,22,14,2021-11-21,1
360,22,14,2021-12-04,1
361,22,14,2021-12-20,1
362,22,17,2021-11-22,1
363,22,17,2021-12-11,1
364,22,18,2021-08-12,1
365,22,22,2020-10-05,1
366,22,22,2021-10-20,1
367,22,23,2021-11-18,1
368,22,23,2021-11-23,1
369,22,23,2021-12-01,1
370,22,23,2021-12-08,1
371,22,23,2021-12-17,1
372,22,25,2021-05-01,1
373,22,25,2021-09-25,1
374,22,25,2021-11-28,1
375,22,25,2021-12-17,1
376,22,25,2021-12-20,1
377,22,27,2021-11-27,1
378,22,27,2021-11-30,1
379,22,27,2021-12-24,1
380,22,29,2021-12-05,1
381,22,29,2021-12-15,1
382,22,31,2020-11-23,1
383,22,31,2021-11-03,1
384,22,31,2021-12-03,1
385,22,31,2021-12-07,1
386,23,1,2021-04-04,1
387,23,1,2021-06-09,1
388,23,1,2021-08-01,1
389,23,1,2021-09-06,1
390,23,1,2021-10-14,1
391,23,4,2021-05-09,1
392,23,4,2021-05-12,1
393,23,4,2021-09-07,1
394,23,4,2021-11-11,1
395,23,4,2021-11-20,1
396,23,4,2021-12-09,1
397,23,4,2021-12-24,1
398,23,4,2021-12-28,1
399,23,7,2021-06-30,1
400,23,7,2021-08-21,1
401,23,14,2021-06-22,1
402,23,14,2021-11-12,1
403,23,14,2021-12-28,1
404,23,15,2021-01-27,1
405,23,15,2021-03-03,1
406,23,15,2021-07-08,1
407,23,15,2021-08-16,1
408,23,15,2021-08-19,1
409,23,15,2021-09-19,1
410,23,16,2021-09-07,1
411,23,16,2021-09-14,1
412,23,16,2021-09-21,1
413,23,19,2021-08-19,1
414,23,19,2021-08-26,1
415,23,19,2021-10-11,1
416,23,21,2020-09-16,1
417,23,21,2021-01-23,1
418,23,21,2021-04-21,1
419,23,23,2021-09-19,1
420,23,23,2021-09-20,1
421,23,25,2021-11-18,1
422,23,25,2021-12-29,1
423,23,27,2021-05-20,1
424,23,27,2021-06-18,1
425,23,27,2021-09-13,1
426,23,30,2021-06-11,1
427,23,30,2021-12-17,1
428,23,31,2021-09-18,1
429,24,9,2020-12-06,1
430,24,9,2021-06-19,1
431,24,15,2021-04-24,1
432,24,15,2021-08-21,1
433,24,15,2021-12-11,1
434,24,16,2020-11-03,1
435,24,16,2021-07-07,1
436,24,16,2021-07-17,1
437,24,20,2020-11-19,1
438,24,20,2021-06-19,1
439,24,20,2021-11-28,1
440,24,22,2021-01-05,1
441,24,29,2020-12-06,1
442,24,29,2021-01-17,1
443,24,29,2021-11-07,1
444,24,31,2020-12-22,1
445,24,31,2021-12-09,1
446,25,1,2021-12-03,1
447,25,1,2021-12-09,1
448,25,17,2021-03-10,1
449,25,17,2021-03-22,1
450,25,17,2021-10-08,1
451,25,21,2020-09-18,1
452,25,21,2021-04-22,1
453,25,21,2021-07-13,1
454,25,30,2021-01-07,1
455,25,30,2021-04-02,1
456,25,30,2021-10-27,1
457,25,30,2021-11-20,1
458,25,31,2021-02-04,1
459,25,31,2021-06-27,1
460,26,1,2021-07-20,1
461,26,1,2021-08-03,1
462,26,1,2021-08-05,1
463,26,3,2020-08-10,1
464,26,3,2020-10-03,1
465,26,3,2020-11-29,1
466,26,9,2020-12-31,1
467,26,9,2021-06-06,1
468,26,9,2021-07-31,1
469,26,9,2021-11-06,1
470,26,13,2021-07-18,1
471,26,13,2021-08-01,1
472,26,13,2021-08-02,1
473,26,14,2020-08-23,1
474,26,14,2021-02-07,1
475,26,14,2021-02-19,1
476,26,14,2021-09-27,1
477,26,14,2021-12-17,1
478,26,16,2021-01-30,1
479,26,16,2021-02-24,1
480,26,16,2021-03-01,1
481,26,19,2021-02-03,1
482,26,19,2021-02-11,1
483,26,22,2020-11-09,1
484,26,27,2021-01-04,1
485,26,28,2020-09-26,1
486,26,28,2021-10-08,1
487,26,28,2021-11-16,1
488,26,30,2021-01-31,1
489,26,30,2021-02-16,1
490,26,30,2021-02-26,1
491,27,8,2021-06-01,1
492,27,8,2021-07-28,1
493,27,8,2021-10-18,1
494,27,9,2021-10-05,1
495,28,9,2021-05-11,1
496,28,9,2021-07-07,1
497,28,9,2021-09-27,1
498,28,17,2021-04-30,1
499,28,17,2021-07-12,1
500,28,17,2021-08-12,1
501,28,23,2021-12-03,1
502,28,24,2021-06-26,1
503,29,9,2021-07-15,1
504,30,2,2021-06-08,1
505,30,2,2021-06-11,1
506,30,2,2021-06-13,1
507,30,14,2021-07-01,1
508,30,14,2021-10-12,1
509,30,14,2021-10-21,1
510,30,16,2021-05-10,1
511,30,16,2021-10-07,1
512,30,18,2021-06-11,1
513,30,18,2021-06-21,1
514,30,18,2021-06-22,1
515,30,23,2021-06-09,1
516,30,23,2021-06-12,1
517,30,23,2021-06-21,1
518,30,30,2021-07-15,1
519,30,30,2021-07-25,1
520,30,30,2021-10-20,1
521,31,1,2021-03-02,1
522,31,9,2020-10-09,1
523,31,9,2020-10-30,1
524,31,13,2021-04-01,1
525,31,13,2021-12-13,1
526,31,13,2021-12-25,1
527,31,20,2021-11-28,1
528,31,20,2021-12-17,1
529,31,20,2021-12-28,1
530,31,22,2020-11-22,1
531,31,28,2020-10-05,1
532,31,28,2020-10-30,1
533,31,28,2020-11-20,1
534,32,4,2021-10-03,1
535,32,4,2021-10-09,1
536,32,4,2021-12-25,1
537,32,17,2021-09-30,1
538,32,17,2021-12-05,1
539,32,17,2021-12-26,1
540,32,20,2021-01-28,1
541,32,20,2021-05-22,1
542,32,20,2021-11-20,1
543,32,25,2021-11-11,1
544,32,25,2021-12-24,1
545,32,31,2021-07-08,1
546,32,31,2021-11-22,1
547,33,8,2021-10-27,1
548,33,8,2021-12-03,1
549,33,8,2021-12-19,1
550,33,10,2021-10-26,1
551,33,10,2021-11-19,1
552,33,12,2020-07-23,1
553,33,12,2021-01-25,1
554,33,12,2021-10-31,1
555,33,14,2021-03-01,1
556,33,14,2021-11-26,1
557,33,14,2021-12-01,1
558,33,26,2021-12-03,1
559,33,26,2021-12-21,1
560,33,26,2021-12-29,1
561,34,9,2021-03-17,1
562,34,9,2021-05-01,1
563,34,24,2021-01-08,1
564,34,24,2021-02-06,1
565,34,24,2021-05-11,1
566,34,30,2021-08-03,1
567,34,30,2021-08-08,1
568,34,30,2021-08-13,1
569,35,2,2020-10-13,1
570,35,2,2021-02-19,1
571,35,2,2021-08-12,1
572,35,6,2021-09-21,1
573,35,7,2021-03-02,1
574,35,7,2021-05-02,1
575,35,7,2021-12-15,1
576,35,15,2021-07-01,1
577,35,15,2021-07-15,1
578,35,15,2021-08-27,1
579,36,1,2021-08-31,1
580,36,1,2021-10-22,1
581,36,1,2021-12-01,1
582,36,1,2021-12-20,1
583,36,2,2021-07-08,1
584,36,2,2021-11-09,1
585,36,2,2021-12-25,1
586,36,7,2021-07-29,1
587,36,7,2021-08-30,1
588,36,7,2021-10-12,1
589,36,13,2020-08-24,1
590,36,13,2021-02-20,1
591,36,13,2021-10-21,1
592,36,13,2021-11-01,1
593,36,13,2021-12-01,1
594,36,13,2021-12-17,1
595,36,15,2020-06-20,1
596,36,15,2020-09-26,1
597,36,17,2020-10-18,1
598,36,17,2021-10-05,1
599,36,17,2021-11-01,1
600,36,18,2020-08-11,1
601,36,18,2021-05-29,1
602,36,18,2021-07-12,1
603,36,29,2021-10-01,1
604,36,29,2021-11-17,1
605,36,29,2021-11-19,1
606,36,31,2021-05-17,1
607,36,31,2021-09-01,1
608,37,5,2021-11-11,1
609,37,5,2021-11-13,1
610,37,5,2021-11-21,1
611,37,5,2021-11-22,1
612,37,11,2020-08-27,1
613,37,11,2020-11-11,1
614,37,11,2021-01-04,1
615,37,15,2021-03-26,1
616,37,15,2021-04-12,1
617,37,15,2021-09-20,1
618,37,19,2020-12-23,1
619,37,22,2021-06-30,1
620,37,22,2021-09-06,1
621,37,22,2021-10-17,1
622,37,23,2021-08-19,1
623,37,23,2021-09-11,1
624,37,24,2020-11-10,1
625,37,24,2021-02-15,1
626,38,1,2021-03-29,1
627,38,1,2021-06-22,1
628,38,1,2021-07-14,1
629,38,3,2020-09-17,1
630,38,3,2020-10-22,1
631,38,3,2021-03-18,1
632,38,3,2021-08-03,1
633,38,26,2020-11-16,1
634,38,26,2021-02-23,1
635,38,26,2021-06-27,1
636,39,3,2021-04-08,1
637,39,3,2021-04-13,1
638,39,3,2021-04-14,1
639,39,4,2021-06-21,1
640,39,4,2021-11-13,1
641,39,4,2021-12-05,1
642,39,5,2021-08-29,1
643,39,5,2021-12-08,1
644,39,9,2021-09-24,1
645,39,9,2021-11-11,1
646,39,9,2021-12-17,1
647,39,20,2021-05-10,1
648,39,20,2021-08-24,1
649,39,20,2021-11-30,1
650,39,21,2021-08-10,1
651,39,21,2021-11-22,1
652,39,21,2021-11-23,1
653,39,24,2021-09-15,1
654,39,26,2021-11-11,1
655,39,26,2021-12-18,1
656,39,26,2021-12-26,1
657,39,31,2021-04-25,1
658,39,31,2021-06-20,1
659,40,5,2021-06-02,1
660,40,5,2021-10-20,1
661,40,5,2021-12-19,1
662,40,5,2021-12-21,1
663,40,7,2021-05-26,1
664,40,7,2021-07-20,1
665,40,7,2021-09-19,1
666,40,13,2021-09-22,1
667,40,13,2021-12-06,1
668,40,18,2020-12-21,1
669,40,18,2021-04-25,1
670,40,21,2020-11-12,1
671,40,21,2021-06-07,1
672,40,21,2021-10-26,1
673,40,23,2021-04-03,1
674,40,23,2021-05-04,1
675,40,23,2021-08-11,1
676,40,25,2021-03-26,1
677,40,25,2021-11-01,1
678,40,25,2021-11-04,1
679,40,25,2021-11-16,1
680,40,25,2021-11-17,1
681,40,25,2021-12-12,1
682,41,3,2020-07-04,1
683,41,3,2021-11-01,1
684,41,7,2021-04-15,1
685,41,7,2021-07-05,1
686,41,7,2021-09-29,1
687,41,16,2020-10-10,1
688,41,16,2020-12-21,1
689,41,17,2021-08-30,1
690,41,17,2021-09-23,1
691,41,17,2021-11-07,1
692,41,21,2021-06-08,1
693,43,2,2021-10-05,1
694,43,2,2021-11-02,1
695,43,2,2021-11-12,1
696,43,2,2021-11-21,1
697,43,2,2021-12-27,1
698,43,5,2021-09-27,1
699,43,5,2021-09-28,1
700,43,5,2021-10-31,1
701,43,5,2021-12-07,1
702,43,5,2021-12-13,1
703,43,8,2021-12-08,1
704,43,8,2021-12-20,1
705,43,13,2021-09-23,1
706,43,13,2021-10-03,1
707,43,13,2021-10-14,1
708,43,17,2021-10-06,1
709,43,17,2021-10-30,1
710,43,17,2021-11-06,1
711,43,24,2021-01-10,1
712,43,24,2021-06-03,1
713,43,24,2021-11-24,1
714,43,25,2020-11-29,1
715,43,25,2021-01-30,1
716,43,25,2021-09-27,1
717,43,26,2021-10-28,1
718,43,29,2021-09-26,1
719,43,29,2021-10-01,1
720,43,29,2021-11-15,1
721,44,2,2020-07-24,1
722,44,5,2021-12-18,1
723,44,7,2021-10-01,1
724,44,10,2021-10-06,1
725,44,10,2021-10-21,1
726,44,10,2021-11-29,1
727,44,11,2021-09-09,1
728,44,11,2021-11-19,1
729,44,11,2021-11-22,1
730,44,12,2021-08-13,1
731,44,12,2021-10-19,1
732,44,12,2021-12-06,1
733,44,13,2021-09-24,1
734,44,13,2021-10-21,1
735,44,13,2021-11-03,1
736,44,14,2021-06-08,1
737,44,14,2021-06-09,1
738,44,14,2021-10-19,1
739,44,14,2021-10-22,1
740,44,14,2021-11-27,1
741,44,14,2021-11-28,1
742,44,15,2021-11-10,1
743,44,16,2021-08-18,1
744,44,16,2021-09-08,1
745,44,16,2021-09-20,1
746,44,22,2021-06-02,1
747,44,22,2021-09-03,1
748,44,22,2021-09-09,1
749,44,25,2021-08-15,1
750,44,26,2021-12-14,1
751,44,30,2021-05-24,1
752,44,30,2021-09-30,1
753,44,30,2021-10-08,1
754,45,2,2020-09-27,1
755,45,2,2021-05-22,1
756,45,2,2021-06-11,1
757,45,6,2021-05-23,1
758,45,6,2021-06-30,1
759,45,6,2021-07-31,1
760,45,6,2021-08-30,1
761,45,9,2020-05-16,1
762,45,9,2020-11-30,1
763,45,17,2021-08-19,1
764,45,17,2021-12-23,1
765,45,23,2020-08-02,1
766,45,23,2020-12-09,1
767,45,25,2021-10-21,1
768,45,30,2020-09-22,1
769,45,30,2020-10-29,1
770,46,1,2020-09-12,1
771,46,1,2021-05-29,1
772,46,1,2021-07-21,1
773,46,1,2021-07-23,1
774,46,1,2021-09-13,1
775,46,5,2021-05-07,1
776,46,5,2021-07-19,1
777,46,5,2021-11-16,1
778,46,5,2021-11-22,1
779,46,5,2021-12-06,1
780,46,5,2021-12-14,1
781,46,13,2021-03-03,1
782,46,13,2021-08-08,1
783,46,13,2021-09-19,1
784,46,15,2021-11-27,1
785,46,18,2020-09-08,1
786,46,18,2020-12-05,1
787,46,18,2020-12-25,1
788,46,20,2021-02-06,1
789,46,20,2021-02-28,1
790,46,20,2021-12-10,1
791,46,22,2021-04-20,1
792,46,22,2021-05-14,1
793,46,22,2021-05-28,1
794,46,23,2020-07-27,1
795,46,23,2020-07-29,1
796,46,23,2020-12-07,1
797,46,23,2021-12-13,1
798,46,23,2021-12-21,1
799,46,23,2021-12-29,1
800,46,25,2021-07-02,1
801,47,6,2021-01-18,1
802,47,6,2021-05-24,1
803,47,7,2020-10-16,1
804,47,7,2021-01-29,1
805,47,7,2021-03-16,1
806,47,25,2021-04-17,1
807,48,4,2020-11-30,1
808,48,4,2021-03-29,1
809,48,4,2021-04-02,1
810,48,4,2021-04-05,1
811,48,4,2021-10-05,1
812,48,9,2020-12-01,1
813,48,9,2021-04-15,1
814,48,11,2021-07-04,1
815,48,11,2021-11-24,1
816,48,11,2021-11-29,1
817,48,19,2021-06-13,1
818,48,19,2021-07-22,1
819,48,19,2021-11-21,1
820,48,29,2021-08-03,1
821,48,29,2021-08-15,1
822,48,29,2021-12-23,1
823,48,31,2021-03-18,1
824,48,31,2021-10-30,1
825,49,1,2021-07-03,1
826,49,1,2021-09-24,1
827,49,3,2020-09-23,1
828,49,5,2021-01-29,1
829,49,5,2021-01-31,1
830,49,5,2021-05-19,1
831,49,5,2021-09-18,1
832,49,5,2021-09-28,1
833,49,5,2021-11-23,1
834,49,5,2021-12-02,1
835,49,5,2021-12-23,1
836,49,8,2021-08-21,1
837,49,8,2021-10-08,1
838,49,8,2021-12-13,1
839,49,10,2021-09-17,1
840,49,10,2021-10-16,1
841,49,11,2021-05-04,1
842,49,12,2020-06-08,1
843,49,12,2021-05-22,1
844,49,12,2021-07-07,1
845,49,14,2021-08-08,1
846,49,15,2021-08-17,1
847,49,15,2021-10-11,1
848,49,16,2020-06-18,1
849,49,16,2020-10-02,1
850,49,16,2021-05-29,1
851,49,18,2021-07-25,1
852,49,19,2021-05-13,1
853,49,19,2021-11-27,1
854,49,19,2021-12-29,1
855,49,25,2021-09-19,1
856,49,25,2021-10-12,1
857,49,25,2021-11-03,1
858,49,28,2020-10-01,1
859,49,28,2020-11-25,1
860,49,28,2021-04-15,1
861,50,1,2021-01-22,1
862,50,1,2021-07-22,1
863,50,1,2021-09-01,1
864,50,1,2021-10-12,1
865,50,5,2021-10-06,1
866,50,8,2021-07-15,1
867,50,10,2021-08-02,1
868,50,10,2021-08-16,1
869,50,10,2021-09-20,1
870,50,11,2021-08-02,1
871,50,11,2021-10-06,1
872,50,11,2021-10-18,1
873,50,13,2020-08-25,1
874,50,13,2020-12-27,1
875,50,13,2021-07-27,1
876,50,18,2021-09-05,1
877,50,18,2021-10-14,1
878,50,18,2021-11-10,1
879,50,19,2021-10-15,1
880,50,27,2021-08-29,1
881,51,5,2021-04-27,1
882,51,9,2021-01-28,1
883,51,12,2021-03-17,1
884,51,12,2021-07-18,1
885,51,12,2021-07-30,1
886,51,16,2021-08-11,1
887,51,16,2021-08-12,1
888,51,26,2021-05-19,1
889,51,26,2021-05-24,1
890,51,26,2021-07-16,1
891,51,27,2020-09-22,1
892,51,27,2021-02-19,1
893,51,27,2021-03-07,1
894,51,30,2020-11-02,1
895,52,8,2021-06-17,1
896,52,8,2021-07-16,1
897,52,8,2021-08-08,1
898,52,12,2021-01-23,1
899,52,12,2021-01-24,1
900,52,12,2021-06-17,1
901,52,18,2021-10-24,1
902,52,19,2020-11-07,1
903,52,19,2021-01-27,1
904,52,19,2021-03-02,1
905,52,21,2021-09-13,1
906,52,21,2021-10-26,1
907,52,21,2021-11-27,1
908,52,22,2021-06-25,1
909,52,22,2021-08-25,1
910,52,22,2021-10-27,1
911,52,25,2021-08-07,1
912,52,25,2021-09-23,1
913,52,25,2021-11-08,1
914,53,1,2021-11-23,2
915,53,1,2021-11-24,1
916,53,22,2021-11-23,1
917,54,2,2021-06-22,1
918,54,2,2021-08-01,1
919,54,2,2021-08-06,1
920,54,2,2021-08-21,1
921,54,2,2021-11-16,1
922,54,5,2021-03-22,1
923,54,5,2021-04-14,1
924,54,5,2021-06-16,1
925,54,6,2020-10-08,1
926,54,6,2021-03-09,1
927,54,6,2021-03-30,1
928,54,6,2021-05-28,1
929,54,6,2021-06-15,1
930,54,6,2021-06-17,1
931,54,6,2021-08-01,1
932,54,11,2021-11-29,1
933,54,12,2021-03-22,1
934,54,12,2021-05-01,1
935,54,12,2021-06-21,1
936,54,13,2021-03-22,1
937,54,13,2021-07-08,1
938,54,13,2021-07-15,1
939,54,13,2021-08-02,1
940,54,17,2021-06-02,1
941,54,17,2021-06-29,1
942,54,20,2021-12-27,1
943,54,22,2021-12-11,1
944,54,22,2021-12-19,1
945,54,23,2021-03-28,1
946,54,23,2021-09-10,1
947,54,24,2021-11-30,1
948,54,24,2021-12-03,1
949,54,24,2021-12-19,1
950,54,28,2021-01-19,1
951,54,28,2021-08-12,1
952,55,2,2020-12-18,1
953,55,2,2021-09-16,1
954,55,2,2021-09-21,1
955,55,2,2021-10-03,1
956,55,2,2021-10-25,1
957,55,8,2021-07-04,1
958,55,8,2021-07-29,1
959,55,8,2021-09-12,1
960,55,20,2021-08-31,1
961,55,20,2021-09-13,1
962,55,20,2021-09-19,1
963,55,23,2021-02-25,1
964,55,28,2020-12-18,1
965,55,28,2021-04-14,1
966,55,28,2021-05-23,1
967,56,12,2021-10-22,2
968,56,17,2020-12-07,1
969,56,17,2021-04-13,1
970,56,17,2021-11-25,1
971,56,23,2021-12-21,1
972,56,26,2021-08-08,1
973,56,26,2021-09-29,1
974,56,26,2021-10-23,1
975,56,31,2021-01-03,1
976,56,31,2021-01-12,1
977,57,9,2020-06-25,1
978,57,9,2020-07-04,1
979,57,9,2020-07-30,1
980,57,9,2021-04-22,1
981,57,9,2021-06-29,1
982,57,9,2021-07-20,1
983,57,15,2020-07-02,1
984,57,15,2020-07-15,1
985,57,17,2021-01-30,1
986,58,3,2021-09-05,1
987,58,6,2020-08-26,1
988,58,6,2021-08-10,1
989,58,14,2021-06-13,1
990,58,14,2021-09-15,1
991,58,14,2021-10-31,1
992,58,23,2021-07-25,1
993,58,23,2021-10-28,1
994,58,23,2021-11-17,1
995,59,7,2021-07-11,1
996,59,7,2021-10-08,1
997,59,9,2020-09-16,1
998,59,9,2020-11-07,1
999,59,9,2021-01-04,1
1000,59,10,2021-12-04,1
1001,59,11,2021-11-04,1
1002,59,11,2021-11-07,1
1003,59,11,2021-12-12,1
1004,59,14,2021-11-05,1
1005,59,14,2021-11-19,1
1006,59,14,2021-12-29,1
1007,59,23,2021-07-19,1
1008,59,23,2021-08-17,1
1009,59,23,2021-09-19,1
1010,59,27,2021-07-04,1
1011,59,27,2021-08-05,1
1012,59,27,2021-09-23,1
1013,59,31,2021-12-01,1
1014,59,31,2021-12-26,1
1015,60,7,2021-07-13,1
1016,60,7,2021-08-03,1
1017,60,7,2021-08-11,1
1018,60,8,2021-08-25,1
1019,60,8,2021-09-21,1
1020,60,12,2021-08-01,1
1021,60,12,2021-08-09,1
1022,60,12,2021-09-08,1
1023,60,26,2021-08-26,1
1024,60,26,2021-08-27,1
1025,60,26,2021-09-02,1
1026,60,27,2021-07-25,1
1027,60,27,2021-09-10,1
1028,60,28,2020-12-03,1
1029,60,28,2021-07-18,1
1030,60,28,2021-09-01,1
1031,61,6,2021-01-23,1
1032,61,6,2021-04-04,1
1033,61,6,2021-07-30,1
1034,61,6,2021-10-23,1
1035,61,8,2021-03-21,1
1036,61,8,2021-04-04,1
1037,61,8,2021-07-31,1
1038,61,9,2021-02-17,1
1039,61,9,2021-04-20,1
1040,61,9,2021-05-01,1
1041,61,9,2021-06-11,1
1042,61,9,2021-12-13,1
1043,61,15,2020-12-21,1
1044,61,15,2021-03-06,1
1045,61,15,2021-11-02,1
1046,61,17,2021-04-21,1
1047,61,19,2020-12-13,1
1048,61,19,2021-10-01,1
1049,61,19,2021-11-15,1
1050,61,21,2020-12-12,1
1051,61,21,2021-09-22,1
1052,61,21,2021-10-29,1
1053,61,23,2021-04-28,1
1054,62,2,2020-11-11,1
1055,62,2,2021-07-02,1
1056,62,2,2021-08-12,1
1057,62,4,2020-12-07,1
1058,62,4,2021-01-20,1
1059,62,4,2021-01-25,1
1060,62,4,2021-02-02,1
1061,62,4,2021-07-18,1
1062,62,10,2021-06-30,1
1063,62,10,2021-07-25,1
1064,62,10,2021-11-17,1
1065,62,14,2021-03-30,1
1066,62,18,2021-02-27,1
1067,62,18,2021-03-23,1
1068,62,18,2021-07-22,1
1069,63,2,2021-03-07,1
1070,63,2,2021-08-20,1
1071,63,2,2021-08-27,1
1072,63,10,2021-09-12,1
1073,63,15,2020-10-19,1
1074,63,15,2020-12-04,1
1075,63,15,2021-05-17,1
1076,63,17,2020-08-19,1
1077,63,17,2021-02-13,1
1078,63,17,2021-12-21,1
1079,63,27,2021-12-09,1
1080,63,27,2021-12-13,1
1081,64,7,2021-08-28,1
1082,64,7,2021-09-22,1
1083,64,7,2021-10-09,1
1084,64,8,2021-09-05,1
1085,64,8,2021-09-18,1
1086,64,23,2021-04-08,1
1087,64,23,2021-04-14,1
1088,64,23,2021-06-05,1
1089,64,26,2021-06-12,1
1090,64,26,2021-06-29,1
1091,64,26,2021-07-24,1
1092,64,28,2021-07-08,1
1093,64,30,2021-07-11,1
1094,64,30,2021-11-25,1
1095,64,30,2021-12-02,1
1096,65,6,2021-02-18,1
1097,65,6,2021-03-25,1
1098,65,6,2021-05-08,1
1099,65,6,2021-09-08,1
1100,65,6,2021-10-18,1
1101,65,6,2021-11-18,1
1102,65,6,2021-12-26,1
1103,65,10,2021-04-21,1
1104,65,10,2021-06-08,1
1105,65,10,2021-07-30,1
1106,65,13,2021-06-06,1
1107,65,13,2021-07-15,2
1108,65,19,2021-05-26,1
1109,65,19,2021-12-03,1
1110,66,5,2021-09-03,1
1111,66,5,2021-09-13,1
1112,66,5,2021-10-24,1
1113,66,8,2021-09-11,1
1114,66,8,2021-12-04,1
1115,66,8,2021-12-10,1
1116,66,12,2021-12-14,1
1117,66,14,2021-05-16,1
1118,66,14,2021-11-10,1
1119,66,14,2021-12-22,1
1120,66,15,2021-07-21,1
1121,66,15,2021-08-16,1
1122,66,15,2021-12-23,1
1123,66,19,2021-08-12,1
1124,66,19,2021-08-27,1
1125,66,19,2021-11-02,1
1126,66,20,2021-08-31,1
1127,66,20,2021-09-10,1
1128,66,20,2021-09-21,1
1129,66,21,2021-07-29,1
1130,66,21,2021-08-08,1
1131,66,21,2021-09-02,1
1132,66,25,2021-07-26,1
1133,66,25,2021-08-13,1
1134,66,25,2021-09-26,1
1135,66,27,2021-06-05,1
1136,66,27,2021-09-03,1
1137,66,27,2021-10-25,1
1138,67,3,2021-09-01,1
1139,67,3,2021-09-29,1
1140,67,3,2021-09-30,1
1141,67,3,2021-10-08,1
1142,67,3,2021-11-01,1
1143,67,5,2021-05-31,1
1144,67,5,2021-08-29,1
1145,67,5,2021-10-11,1
1146,67,5,2021-10-18,1
1147,67,5,2021-10-23,1
1148,67,14,2021-04-27,1
1149,67,14,2021-11-13,1
1150,67,19,2020-12-19,1
1151,67,19,2021-01-30,1
1152,67,26,2021-11-02,1
1153,67,26,2021-12-24,2
1154,67,30,2021-04-03,1
1155,67,30,2021-12-12,1
1156,68,4,2021-09-02,1
1157,68,4,2021-10-08,1
1158,68,4,2021-10-23,1
1159,68,4,2021-11-22,1
1160,68,4,2021-12-05,1
1161,68,13,2021-10-01,1
1162,68,13,2021-10-23,1
1163,68,13,2021-12-06,1
1164,68,14,2021-04-03,1
1165,68,14,2021-07-01,1
1166,68,14,2021-12-02,1
1167,68,17,2021-10-12,1
1168,68,19,2021-05-18,1
1169,68,19,2021-07-27,1
1170,68,29,2021-07-03,1
1171,68,29,2021-10-12,1
1172,68,29,2021-11-19,1
1173,68,31,2021-08-24,1
1174,68,31,2021-12-05,1
1175,69,11,2021-07-01,1
1176,69,11,2021-07-25,1
1177,69,11,2021-09-26,1
1178,69,24,2021-09-05,1
1179,69,24,2021-12-13,1
1180,69,24,2021-12-24,1
1181,70,2,2021-03-14,1
1182,70,2,2021-05-28,1
1183,70,2,2021-08-22,1
1184,70,2,2021-12-11,1
1185,70,15,2021-05-31,1
1186,70,15,2021-07-19,1
1187,70,24,2021-02-25,1
1188,70,24,2021-03-20,1
1189,70,24,2021-09-09,1
1190,70,24,2021-10-20,1
1191,70,24,2021-10-23,1
1192,70,24,2021-10-27,1
1193,70,26,2021-07-06,1
1194,70,26,2021-08-10,1
1195,70,26,2021-12-18,1
1196,70,28,2021-04-25,1
1197,70,28,2021-06-27,1
1198,70,30,2020-09-16,1
1199,70,30,2021-09-10,1
1200,70,30,2021-12-17,1
1201,71,6,2021-10-25,1
1202,71,6,2021-11-27,1
1203,71,23,2021-04-06,1
1204,71,23,2021-04-28,1
1205,71,23,2021-05-01,1
1206,71,24,2021-08-16,1
1207,72,3,2021-07-18,1
1208,72,5,2020-07-30,2
1209,72,5,2020-12-11,1
1210,72,5,2020-12-26,1
1211,72,5,2021-01-13,1
1212,72,11,2021-05-26,1
1213,72,11,2021-06-11,1
1214,72,11,2021-06-14,1
1215,72,13,2020-11-11,1
1216,72,13,2021-09-10,1
1217,72,13,2021-12-24,1
1218,72,29,2020-09-16,1
1219,72,29,2020-12-19,1
1220,72,29,2021-11-07,1
1221,73,3,2021-06-01,1
1222,73,3,2021-07-07,1
1223,73,3,2021-09-11,1
1224,73,3,2021-12-09,1
1225,73,4,2021-06-24,1
1226,73,5,2020-12-31,1
1227,73,5,2021-01-30,1
1228,73,5,2021-07-14,1
1229,73,5,2021-11-04,1
1230,73,5,2021-12-29,1
1231,73,8,2020-12-27,1
1232,73,8,2021-02-08,1
1233,73,8,2021-04-12,1
1234,73,8,2021-09-19,1
1235,73,8,2021-10-22,1
1236,73,8,2021-12-23,1
1237,73,13,2021-06-22,1
1238,73,13,2021-08-09,1
1239,73,13,2021-10-05,1
1240,73,15,2021-09-14,1
1241,73,15,2021-09-25,1
1242,73,15,2021-10-07,1
1243,73,17,2021-03-28,1
1244,73,17,2021-06-01,1
1245,73,17,2021-11-28,1
1246,73,17,2021-12-06,1
1247,73,18,2021-06-09,1
1248,73,18,2021-07-11,1
1249,73,25,2021-07-28,1
1250,73,25,2021-10-06,1
1251,73,26,2021-07-02,1
1252,73,26,2021-07-06,1
1253,73,26,2021-12-13,1
1254,74,3,2021-07-08,1
1255,74,3,2021-07-09,1
1256,74,3,2021-09-20,1
1257,74,23,2020-12-24,1
1258,74,23,2021-06-16,1
1259,74,23,2021-08-20,1
1260,74,25,2021-11-26,1
1261,74,25,2021-12-21,1
1262,74,27,2020-11-20,1
1263,74,27,2021-06-18,1
1264,74,27,2021-07-09,1
1265,75,7,2021-12-15,2
1266,75,7,2021-12-16,1
1267,75,9,2020-08-28,1
1268,75,9,2020-09-08,1
1269,75,13,2021-12-13,2
1270,75,13,2021-12-14,1
1271,75,15,2021-12-12,1
1272,75,15,2021-12-14,1
1273,75,15,2021-12-15,1
1274,75,23,2020-09-08,1
1275,75,23,2020-12-24,1
1276,75,23,2020-12-25,1
1277,75,27,2021-12-11,1
1278,75,27,2021-12-12,1
1279,75,27,2021-12-15,1
1280,75,31,2021-12-11,1
1281,75,31,2021-12-15,1
1282,76,7,2021-07-30,1
1283,76,7,2021-09-18,1
1284,76,7,2021-09-19,1
1285,76,9,2021-08-12,1
1286,76,9,2021-08-22,1
1287,76,9,2021-09-05,1
1288,76,15,2021-07-23,1
1289,76,15,2021-08-04,1
1290,76,15,2021-08-05,1
1291,76,17,2021-08-30,1
1292,76,17,2021-09-12,1
1293,76,19,2021-07-27,1
1294,76,19,2021-08-13,1
1295,76,19,2021-09-20,1
1296,76,20,2021-03-13,1
1297,76,20,2021-05-14,1
1298,76,20,2021-07-22,1
1299,76,26,2020-10-17,1
1300,76,26,2021-03-15,1
1301,77,1,2021-05-22,1
1302,77,1,2021-06-15,1
1303,77,1,2021-07-05,1
1304,77,1,2021-07-07,1
1305,77,1,2021-09-24,1
1306,77,2,2020-08-29,1
1307,77,2,2021-02-20,1
1308,77,2,2021-02-28,1
1309,77,2,2021-04-04,1
1310,77,2,2021-04-07,1
1311,77,2,2021-06-23,1
1312,77,5,2020-11-05,1
1313,77,5,2021-05-13,1
1314,77,5,2021-08-22,1
1315,77,12,2021-04-04,1
1316,77,14,2020-12-25,1
1317,77,14,2021-03-08,1
1318,77,14,2021-12-14,1
1319,77,18,2021-03-28,1
1320,77,18,2021-08-29,1
1321,77,18,2021-11-05,1
1322,77,23,2021-03-11,1
1323,77,23,2021-08-06,1
1324,77,23,2021-11-25,1
1325,77,28,2021-11-17,1
1326,82,14,2020-10-16,1
1327,82,14,2021-07-04,1
1328,82,14,2021-07-16,1
1329,82,18,2021-08-30,1
1330,82,18,2021-09-03,2
1331,82,24,2021-08-30,2
1332,82,24,2021-08-31,1
1333,82,25,2021-08-31,1
1334,82,25,2021-09-03,2
1335,82,31,2020-12-23,1
1336,87,11,2021-02-01,1
1337,87,12,2020-11-20,1
1338,87,12,2020-12-12,1
1339,87,12,2021-10-12,1
1340,87,14,2021-06-11,1
1341,87,14,2021-09-06,1
1342,87,14,2021-11-29,1
1343,87,16,2020-10-16,1
1344,87,16,2021-03-24,1
1345,87,16,2021-05-08,1
1346,87,28,2020-09-28,1
1347,87,28,2020-10-11,1
1348,87,28,2021-11-01,1
1349,87,29,2020-10-17,1
1350,87,29,2020-11-19,1
1351,87,29,2020-12-04,1
1352,90,1,2021-08-16,1
1353,90,1,2021-12-19,1
1354,90,2,2021-01-03,1
1355,90,2,2021-10-06,1
1356,90,2,2021-10-19,1
1357,90,3,2021-09-05,1
1358,90,3,2021-09-13,1
1359,90,3,2021-09-14,1
1360,90,3,2021-09-29,1
1361,90,3,2021-10-05,1
1362,90,8,2021-04-14,1
1363,90,8,2021-06-01,1
1364,90,10,2020-12-12,1
1365,90,10,2021-05-06,1
1366,90,15,2020-11-13,1
1367,90,15,2021-02-20,1
1368,90,15,2021-04-28,1
1369,90,16,2021-09-06,1
1370,90,16,2021-09-15,1
1371,90,16,2021-09-21,1
1372,90,20,2021-05-31,1
1373,90,20,2021-06-04,1
1374,90,20,2021-07-12,1
1375,90,24,2021-04-16,1
1376,90,24,2021-07-20,1
1377,90,24,2021-11-14,1
1378,90,25,2021-09-05,1
1379,90,25,2021-10-03,1
1380,90,25,2021-10-04,1
1381,90,28,2020-09-13,1
1382,90,28,2020-12-12,1
1383,90,28,2020-12-15,1
1384,92,1,2020-11-28,1
1385,92,1,2021-01-15,1
1386,92,1,2021-01-23,1
1387,92,5,2021-04-29,1
1388,92,5,2021-05-06,1
1389,92,6,2021-04-10,1
1390,92,7,2021-06-30,1
1391,92,7,2021-12-09,1
1392,92,7,2021-12-13,2
1393,92,10,2021-12-08,1
1394,92,10,2021-12-09,1
1395,92,10,2021-12-13,1
1396,92,11,2021-12-10,1
1397,92,11,2021-12-13,1
1398,92,12,2020-11-05,1
1399,92,12,2020-11-19,1
1400,92,12,2021-01-27,1
1401,92,14,2021-12-10,1
1402,92,14,2021-12-13,2
1403,92,17,2020-10-18,1
1404,92,17,2020-12-07,1
1405,92,17,2020-12-26,1
1406,92,17,2021-07-05,1
1407,92,17,2021-09-25,1
1408,92,19,2021-09-07,1
1409,92,27,2021-06-18,1
1410,92,27,2021-08-09,1
1411,92,27,2021-12-15,1
1412,92,30,2020-06-29,1
1413,92,30,2020-07-05,1
1414,92,30,2020-07-21,1
1415,93,6,2021-01-18,1
1416,93,6,2021-03-23,1
1417,93,6,2021-10-26,1
1418,93,10,2021-06-13,1
1419,93,10,2021-07-01,1
1420,93,30,2021-11-05,1
1421,93,30,2021-11-11,1
1422,93,30,2021-12-05,1
1423,95,24,2021-04-06,1
1424,97,2,2021-11-27,1
1425,97,2,2021-12-29,1
1426,97,7,2021-08-16,1
1427,97,7,2021-09-06,1
1428,97,7,2021-11-13,1
1429,97,9,2021-06-22,1
1430,97,9,2021-08-23,1
1431,97,13,2021-05-10,1
1432,97,13,2021-10-04,1
1433,97,13,2021-10-21,1
1434,97,14,2021-10-13,1
1435,97,14,2021-11-17,1
1436,97,14,2021-12-27,1
1437,97,23,2021-05-17,1
1438,97,23,2021-10-16,1
1439,97,23,2021-11-01,1
1440,97,28,2021-04-04,1
1441,97,28,2021-07-17,1
1442,97,28,2021-09-18,1
1443,105,9,2021-12-10,1
1444,105,12,2021-10-21,1
1445,105,12,2021-11-13,1
1446,105,12,2021-12-09,1
1447,105,23,2020-10-06,1
1448,105,23,2020-11-24,1
1449,105,23,2021-07-29,1
1450,105,27,2021-08-06,1
1451,106,4,2021-06-11,1
1452,106,4,2021-06-18,1
1453,106,4,2021-06-19,1
1454,106,7,2021-06-19,1
1455,106,8,2021-12-29,2
1456,106,12,2021-12-15,1
1457,106,12,2021-12-28,1
1458,106,12,2021-12-29,1
1459,106,13,2021-07-04,1
1460,106,13,2021-07-16,1
1461,106,13,2021-07-23,1
1462,106,13,2021-12-21,1
1463,106,13,2021-12-23,1
1464,106,13,2021-12-27,1
1465,106,14,2021-12-14,2
1466,106,14,2021-12-22,1
1467,106,14,2021-12-25,1
1468,106,14,2021-12-27,1
1469,106,16,2021-06-10,1
1470,106,16,2021-06-13,1
1471,106,16,2021-06-14,1
1472,106,17,2021-12-19,1
1473,106,17,2021-12-21,1
1474,106,17,2021-12-27,1
1475,106,18,2021-06-08,1
1476,106,18,2021-06-09,1
1477,106,18,2021-06-21,1
1478,106,19,2020-12-24,1
1479,106,23,2021-12-22,1
1480,106,23,2021-12-28,1
1481,106,28,2020-11-14,1
1482,106,28,2020-12-21,1
1483,106,28,2021-01-01,1
1484,106,29,2021-06-16,1
1485,106,29,2021-06-20,1
1486,106,29,2021-12-18,1
1487,106,29,2021-12-20,1
1488,106,29,2021-12-27,1
1489,106,31,2021-07-09,1
1490,106,31,2021-07-13,1
1491,108,4,2021-05-08,1
1492,108,7,2021-05-11,1
1493,108,7,2021-06-02,1
1494,108,7,2021-07-20,1
1495,108,7,2021-10-31,1
1496,108,7,2021-11-25,1
1497,108,10,2021-09-18,1
1498,108,10,2021-10-18,1
1499,108,13,2021-06-25,1
1500,108,13,2021-09-11,1
1501,108,13,2021-09-17,1
1502,108,22,2021-11-04,1
1503,108,22,2021-12-04,1
1504,108,24,2021-08-27,1
1505,108,24,2021-08-31,1
1506,108,27,2021-10-31,1
1507,108,27,2021-11-14,1
1508,108,27,2021-12-01,1
1509,115,3,2020-07-24,1
1510,115,3,2020-10-05,1
1511,115,3,2021-02-21,1
1512,115,3,2021-05-09,1
1513,115,3,2021-08-24,1
1514,115,6,2020-07-18,1
1515,115,6,2020-12-03,1
1516,115,6,2021-04-07,1
1517,115,9,2020-10-29,1
1518,115,9,2021-03-14,1
1519,115,9,2021-06-08,1
1520,115,9,2021-07-03,2
1521,115,9,2021-10-05,1
1522,115,12,2021-03-02,1
1523,115,12,2021-04-18,1
1524,115,12,2021-05-20,1
1525,115,16,2021-01-22,1
1526,115,16,2021-02-18,1
1527,115,16,2021-02-22,1
1528,115,16,2021-03-28,1
1529,115,16,2021-04-25,1
1530,115,16,2021-06-10,1
1531,115,20,2021-02-03,1
1532,115,21,2021-05-19,1
1533,115,21,2021-08-12,1
1534,115,25,2021-03-19,1
1535,115,25,2021-10-10,1
1536,115,26,2021-08-25,1
1537,115,26,2021-08-27,1
1538,115,26,2021-12-15,1
1539,115,27,2021-02-14,1
1540,115,31,2021-05-18,1
1541,115,31,2021-11-03,1
1542,119,2,2021-07-07,1
1543,119,5,2021-10-22,2
1544,119,5,2021-11-17,1
1545,119,5,2021-12-17,1
1546,119,6,2020-12-31,1
1547,119,6,2021-03-10,1
1548,119,6,2021-06-08,1
1549,119,6,2021-09-28,1
1550,119,6,2021-10-16,1
1551,119,7,2021-04-11,1
1552,119,7,2021-05-13,1
1553,119,7,2021-10-12,1
1554,119,8,2021-03-30,1
1555,119,8,2021-08-15,1
1556,119,8,2021-08-17,1
1557,119,8,2021-10-10,1
1558,119,8,2021-10-13,1
1559,119,8,2021-11-29,1
1560,119,8,2021-12-03,1
1561,119,8,2021-12-05,1
1562,119,8,2021-12-27,1
1563,119,9,2021-10-15,1
1564,119,12,2021-11-28,1
1565,119,12,2021-12-02,1
1566,119,13,2021-08-02,2
1567,119,13,2021-08-24,1
1568,119,13,2021-11-13,1
1569,119,14,2020-08-10,1
1570,119,14,2020-12-30,1
1571,119,14,2021-02-04,1
1572,119,14,2021-12-07,1
1573,119,14,2021-12-13,1
1574,119,14,2021-12-21,1
1575,119,18,2021-03-09,1
1576,119,23,2020-08-22,1
1577,119,23,2021-07-18,1
1578,119,23,2021-11-15,1
1579,119,23,2021-12-12,1
1580,119,23,2021-12-16,1
1581,119,23,2021-12-19,1
1582,119,26,2021-11-23,1
1583,119,26,2021-11-27,1
1584,119,26,2021-12-17,1
1585,119,27,2021-04-16,1
1586,119,27,2021-06-22,1
1587,119,30,2020-12-15,1
1588,119,30,2021-03-14,1
1589,122,9,2021-03-21,1
1590,122,9,2021-08-20,1
1591,122,9,2021-12-06,1
1592,122,21,2021-08-10,1
1593,122,21,2021-08-18,1
1594,122,21,2021-10-30,1
1595,122,22,2021-03-31,1
1596,122,22,2021-08-26,1
1597,122,25,2021-07-18,1
1598,122,25,2021-09-09,1
1599,122,31,2021-05-04,1
1600,122,31,2021-05-18,1
1601,123,1,2021-06-08,1
1602,123,13,2020-06-22,1
1603,123,13,2021-11-23,1
1604,123,13,2021-12-11,1
1605,123,17,2021-03-19,1
1606,123,17,2021-08-23,1
1607,130,1,2021-11-07,1
1608,130,4,2021-11-25,1
1609,130,4,2021-12-24,1
1610,130,16,2021-09-24,1
1611,130,16,2021-09-26,1
1612,130,16,2021-10-21,1
1613,130,18,2021-06-28,1
1614,130,30,2021-06-30,1
1615,130,31,2021-09-24,1
1616,130,31,2021-09-26,1
1617,132,2,2021-07-23,1
1618,132,2,2021-08-24,1
1619,132,2,2021-10-15,1
1620,132,2,2021-11-01,1
1621,132,3,2021-05-21,1
1622,132,3,2021-08-01,1
1623,132,3,2021-10-15,1
1624,132,5,2021-11-25,1
1625,132,5,2021-11-30,1
1626,132,5,2021-12-04,1
1627,132,5,2021-12-14,1
1628,132,24,2021-12-03,1
1629,132,24,2021-12-26,1
1630,132,24,2021-12-28,1
1631,132,28,2021-11-19,1
1632,132,28,2021-11-21,1
1633,132,28,2021-12-11,1
1634,133,6,2021-08-13,1
1635,133,6,2021-08-24,1
1636,133,6,2021-09-01,1
1637,133,6,2021-09-03,1
1638,133,6,2021-09-08,1
1639,133,12,2020-10-21,1
1640,133,15,2021-10-11,1
1641,133,22,2021-03-02,1
1642,133,22,2021-07-28,1
1643,133,22,2021-12-08,1
1644,133,25,2021-09-20,1
1645,133,26,2021-09-21,1
1646,133,26,2021-11-13,1
1647,133,27,2021-09-30,1
1648,133,27,2021-10-01,1
1649,133,27,2021-12-07,1
1650,133,31,2021-09-30,1
1651,133,31,2021-10-03,1
1652,134,17,2021-09-16,1
1653,134,18,2021-09-05,1
1654,134,18,2021-10-25,1
1655,134,18,2021-11-20,1
1656,134,24,2021-08-13,1
1657,134,24,2021-11-05,1
1658,134,24,2021-11-23,1
1659,134,30,2021-08-24,1
1660,134,30,2021-10-17,2
1661,134,30,2021-11-15,1
1662,134,30,2021-11-16,1
1663,141,3,2020-05-21,1
1664,141,3,2020-10-04,1
1665,141,3,2020-11-29,1
1666,141,3,2021-02-25,1
1667,141,3,2021-03-20,2
1668,141,3,2021-04-20,1
1669,141,7,2020-05-06,1
1670,141,7,2021-02-07,1
1671,141,7,2021-04-18,1
1672,141,8,2021-01-21,1
1673,141,9,2020-11-25,1
1674,141,9,2020-12-03,1
1675,141,9,2021-10-12,1
1676,141,16,2020-08-31,1
1677,141,16,2020-10-25,1
1678,141,16,2021-01-25,1
1679,141,18,2020-11-11,1
1680,141,18,2020-12-23,1
1681,141,18,2021-02-10,1
1682,141,18,2021-02-22,1
1683,141,18,2021-03-13,1
1684,141,18,2021-10-28,1
1685,141,19,2021-12-19,1
1686,141,20,2021-02-09,1
1687,141,20,2021-02-10,1
1688,141,20,2021-04-17,1
1689,141,22,2020-08-20,1
1690,141,22,2020-12-13,1
1691,141,22,2021-01-27,1
1692,141,24,2020-08-17,1
1693,141,24,2020-10-02,1
1694,141,28,2021-02-16,1
1695,141,28,2021-03-02,1
1696,141,28,2021-03-11,1
1697,142,4,2020-12-15,1
1698,142,4,2021-01-01,1
1699,142,4,2021-07-15,1
1700,142,4,2021-07-24,1
1701,142,4,2021-09-13,1
1702,142,5,2021-11-28,1
1703,142,5,2021-12-16,2
1704,142,6,2021-09-07,1
1705,142,6,2021-11-07,1
1706,142,9,2021-01-30,1
1707,142,9,2021-06-04,1
1708,142,13,2021-02-12,1
1709,142,13,2021-04-09,1
1710,142,13,2021-09-07,1
1711,142,14,2021-09-06,1
1712,142,14,2021-09-14,1
1713,142,14,2021-10-27,1
1714,142,17,2021-07-06,1
1715,142,17,2021-12-10,1
1716,142,25,2020-12-26,1
1717,142,25,2021-01-28,1
1718,142,25,2021-12-21,1
1719,142,26,2021-10-07,1
1720,142,28,2021-12-16,2
1721,142,28,2021-12-25,1
1722,142,29,2020-08-17,1
1723,142,29,2020-08-19,1
1724,142,29,2020-08-20,1
1725,146,4,2020-09-30,1
1726,146,4,2020-11-06,1
1727,146,4,2021-02-14,1
1728,146,4,2021-04-11,1
1729,146,4,2021-06-26,1
1730,146,6,2020-07-21,1
1731,146,6,2021-02-18,1
1732,146,6,2021-07-31,1
1733,146,8,2021-08-13,1
1734,146,8,2021-10-14,1
1735,146,8,2021-10-25,1
1736,146,9,2020-07-13,1
1737,146,9,2020-08-17,1
1738,146,9,2021-02-08,1
1739,146,12,2021-06-08,1
1740,146,24,2021-11-04,1
